above_height_mm,LDMC,SLA,Leaves_N,Leaves_C,LMA,Thickness,Thoughness,Stem_WSG,SRL,Fine_Diameter,RTD,Root_N,Root_C,Root_WSG,Fine.Surface.area.mm2,File.me_4,Root_Lenght_cm,Site,Species,Sample_N,Light_classification,N.x,N.y,DW_H1,DW_H2,DW_H3,DW_all,Sum_H123,Sum_H123_all,DW_all_leaves,DW_Stem_5cm,DW_Stem_g,DW_all_stem,Root_DW_g,D_W_g_5cm,DW_fine,DW_all_Root,DW_all_Plant,LMF,SMF,RMF,N
45,0.34,222.58,1.5,51.24,45.27,0.15,304.44,0.52,1.3,0.65,122.47,1.31,49.58,NA,512.566133,FINE298,22.4,LSUR,CALBRA,4,INT,196,195,0.1005,0.1201,0.1649,NA,0.3855,0.3855,0.771,0.1933,1.0127,1.206,0.35,1.356,0.0148,1.7208,3.7,0.21,0.33,0.47,1
27,0.19,290.98,1.51,32.72,37.13,0.18,322.22,0.78,2.31,0.81,45.07,1.44,40.81,0.49,1897.863449,FINE15,19.3,JE,DENARB,5,LD,21,20,0.1395,0.0275,0.0603,0.211,0.2273,0.4383,0.6656,0.163,0.4845,0.6475,0.61,0.2412,0.0259,0.8771,2.19,0.3,0.3,0.4,2
33,0.35,328.47,1.53,37.23,29.69,0.07,120,0.71,1.48,0.8,54.34,1.47,42.85,0.63,2425.372127,FINE39,11.5,LEPP,MICAFF,3,INT,121,120,0.035,0.0222,0.0361,0.086,0.0933,0.1793,0.2726,0.1408,0.4566,0.5974,0.05,0.132,0.052,0.234,1.1,0.25,0.54,0.21,3
28,0.33,239.9,1.56,35.23,41.77,0.09,283.33,2.32,1.41,0.58,86.67,0.99,40.38,1.41,3268.887809,FINE13,11.4,JE,MICAFF,2,INT,45,44,0.0605,0.0545,0.0627,0.2541,0.1777,0.4318,0.6095,0.1021,0.316,0.4181,0.09,0.1438,0.0944,0.3282,1.36,0.45,0.31,0.24,4
36,0.31,220.28,1.58,50.5,45.44,0.16,251.11,0.6,1.27,NA,120.05,1.41,47.5,0.52,NA,NA,26.6,LSUR,CALBRA,2,INT,194,193,0.0836,0.069,0.069,0.7726,0.2216,0.9942,1.2158,0.2163,0.6134,0.8297,0.28,0.25,0.0156,0.5456,2.59,0.47,0.32,0.21,5
22,0.26,259.25,1.59,40.6,38.57,0.14,333.34,0.78,4.8,0.48,45.59,1.88,42.57,0.52,1501.686161,FINE121,15.1,JE,VOCFER,2,INT,92,92,0.0636,0.0643,0.0632,0.4008,0.1911,0.5919,0.783,0.0721,0.2403,0.3124,0.1,0.0926,0.0148,0.2074,1.3,0.6,0.24,0.16,6
45,0.32,205.26,1.6,51.4,48.73,0.17,303.33,0.52,NA,NA,120.75,1.48,53.51,0.52,NA,NA,18.3,LSUR,CALBRA,1,INT,193,192,0.1403,0.139,0.151,1.283,0.4303,1.7133,2.1436,0.1961,1.1763,1.3724,0.27,0.2855,0.0246,0.5801,4.1,0.52,0.34,0.14,7
33,0.35,287.84,1.63,45.49,35.11,0.07,145,0.85,4.49,0.79,24.52,NA,NA,0.68,576.292591,FINE399,9,LEPP,TAPGUI,4,NLD,155,154,0.0325,0.0484,0.0271,0.0535,0.108,0.1615,0.2695,0.0315,0.0948,0.1263,0.02,0.049,0.0041,0.0731,0.47,0.57,0.27,0.16,8
30,0.34,182.64,1.66,50.4,54.99,0.2,246.67,0.69,1.3,0.7,124.84,1.35,48.56,0.59,NA,NA,11.2,LSUR,CALBRA,3,INT,195,194,0.1103,0.1183,0.1086,0.7424,0.3372,1.0796,1.4168,0.2813,0.7805,1.0618,0.5,0.3479,0.0321,0.88,3.36,0.42,0.32,0.26,9
30,0.3,302.71,1.66,35.19,33.05,0.09,157.78,1.35,NA,NA,NA,1.12,41.67,0.84,NA,NA,11.1,LSUR,MICAFF,1,INT,226,226,0.052,0.075,0.1,0.619,0.227,0.846,1.073,0.177,0.5067,0.6837,0.06,0.1825,0.0747,0.3172,2.07,0.52,0.33,0.15,10
35,0.32,212.5,1.68,51.92,46.91,0.18,280,0.41,NA,0.74,123.93,1.32,NA,0.5,808.633169,FINE332,18.2,LSUR,CALBRA,5,INT,197,196,0.0942,0.0916,0.0771,0.3014,0.2629,0.5643,0.8272,0.0805,0.334,0.4145,0.5,0.2536,0.032,0.7856,2.03,0.41,0.2,0.39,11
45,0.31,251.27,1.69,35.06,39.85,0.09,194.44,0.66,NA,NA,NA,1.59,41.56,0.79,NA,NA,14.6,LSUR,MICAFF,2,INT,227,227,0.2613,0.2966,0.549,2.647,1.1069,3.7539,4.8608,0.4543,2.0783,2.5326,0.87,0.5265,0.3636,1.7601,9.15,0.53,0.28,0.19,12
33,0.37,255.02,1.72,46.29,41.1,0.07,163.33,0.71,3.83,0.87,30.04,NA,NA,0.59,1139.588658,FINE41,9.7,LEPP,TAPGUI,3,NLD,154,153,0,0.0669,0.0553,0.0405,0.1222,0.1627,0.2849,0.0812,0.2468,0.328,0.05,0.093,0.0063,0.1493,0.76,0.37,0.43,0.2,13
33,0.28,340.77,1.73,37.91,38.04,0.1,200,0.6,2.54,0.72,48.95,1.52,37.82,0.54,NA,NA,NA,LEPP,VOCFER,6,INT,182,181,0.045,0.0383,0.0673,NA,0.1506,0.1506,0.3012,NA,NA,NA,NA,NA,NA,NA,NA,NA,NA,NA,14
34,0.33,245.77,1.77,34.15,40.71,0.09,165.56,0.74,2.34,0.55,69.99,1.47,40.24,0.76,NA,NA,17.4,LSUR,MICAFF,4,INT,229,229,0.2105,0.1992,0.2427,0.756,0.6524,1.4084,2.0608,0.2065,0.9353,1.1418,0.34,0.3044,0.1664,0.8108,4.01,0.51,0.28,0.2,15
33,0.35,495.03,1.79,44.76,20.2,0.05,153.33,0.5,2.44,0.99,32.73,NA,NA,0.58,414.278329,FINE42,7,LEPP,TAPGUI,2,NLD,153,152,0.0413,0.0386,NA,NA,0.0799,0.0799,0.1598,0.0302,0.1073,0.1375,0.1,0.032,0.0045,0.1365,0.43,0.37,0.32,0.31,16
33,0.28,230.79,1.8,39.39,NA,0.13,246.36,0.57,2.75,0.77,NA,NA,NA,0.52,420.083654,FINE363,10,LEPP,VOCFER,1,INT,178,177,0.0573,0.0522,0.067,0.4743,0.1765,0.6508,0.8273,0.162,0.772,0.934,0.11,0.197,0.0053,0.3123,2.07,0.4,0.45,0.15,17
29,0.38,218.21,1.83,37.98,46.12,0.1,184.44,0.9,3.32,0.55,46.68,1.21,42.69,0.85,3859.852186,FINE16,15.7,JE,MICAFF,4,INT,47,46,0.0121,0.0541,0.0591,0.1917,0.1253,0.317,0.4423,0.1138,0.4369,0.5507,0.07,0.0985,0.0493,0.2178,1.21,0.37,0.45,0.18,18
50,0.34,226.04,1.83,37.27,44.27,0.1,236.67,0.8,2.46,0.52,69.23,1.21,40.2,0.7,NA,NA,11.8,LSUR,MICAFF,3,INT,228,228,0.2159,0.2356,0.303,2.544,0.7545,3.2985,4.053,0.5368,4.3193,4.8561,1.43,0.8337,0.2389,2.5026,11.41,0.36,0.43,0.22,19
20,0.24,310.98,1.83,39.65,32.21,0.15,245.56,0.69,1.59,0.75,75.21,1.78,46.46,0.6,1031.36563,FINE138,14.6,JE,VOCFER,3,INT,93,93,0.049,0.048,0.039,0.4952,0.136,0.6312,0.7672,0.0554,0.1655,0.2209,0.03,0.0614,0.0216,0.113,1.1,0.7,0.2,0.1,20
33,0.33,234.79,1.85,35.51,42.21,0.11,165,0.86,3.68,0.43,57.55,1.14,35.64,NA,6627.971461,FINE397,18.4,LEPP,MICAFF,1,INT,118,118,0.1415,0.1167,0.0826,0.9477,0.3408,1.2885,1.6293,0.2073,0.7644,0.9717,0.24,0.317,0.0917,0.6487,3.25,0.5,0.3,0.2,21
33,0.33,234.79,1.85,35.51,42.21,0.11,165,0.86,3.68,0.43,57.55,1.14,35.64,NA,6627.971461,FINE397,NA,LEPP,MICAFF,1,INT,119,118,0.1415,0.1167,0.0826,0.9477,0.3408,1.2885,1.6293,0.2073,0.7644,0.9717,0.24,0.317,0.0917,0.6487,3.25,0.5,0.3,0.2,22
33,0.54,206.2,1.89,40.48,48.51,0.14,282.22,0.58,1.62,0.63,84.01,0.86,40.42,0.47,3731.183502,FINE125,22.5,JE,BROLAC,6,NLD,11,11,0.0497,0.0816,0.0885,0.563,0.2198,0.7828,1.0026,0.293,1.996,2.289,1.17,0.4924,0.0885,1.7509,5.04,0.2,0.45,0.35,23
33,0.25,344.89,1.89,38.71,28.97,0.1,205,0.59,2.83,0.76,38.7,1.55,37.99,0.53,1268.602442,FINE389,13.5,LEPP,VOCFER,5,INT,181,180,0.0344,0.026,0.0535,0.3463,0.1139,0.4602,0.5741,0.1075,0.3227,0.4302,0.06,0.14,0.0148,0.2148,1.22,0.47,0.35,0.18,24
28,0.13,291.11,1.9,47.99,35.28,0.33,200,0.58,0.82,0.9,80.25,0.94,38.77,0.53,NA,NA,17.4,LSUR,ARDFIM,5,NLD,186,185,0.1474,0.2166,NA,0.6667,0.364,1.0307,1.3947,0.5187,2.2952,2.8139,0.81,0.5527,0.1175,1.4802,5.69,0.25,0.49,0.26,25
32,0.2,300.93,1.91,42.77,33.33,0.19,426.67,0.67,1.3,0.98,58.73,1.09,40.42,0.44,1303.735609,FINE173,12.3,JE,DENARB,4,LD,20,19,0.132,0.103,0.147,0.4204,0.382,0.8024,1.1844,0.1531,0.781,0.9341,0.96,0.6298,0.0269,1.6167,3.74,0.32,0.25,0.43,26
42,0.32,218.26,1.92,45.44,46.39,0.14,368.89,0.66,NA,0.78,NA,NA,NA,0.39,7750.418571,FINE156,20.5,JE,GUAAMP,3,LD,24,23,0.3597,0.3093,0.2681,3.5403,0.9371,4.4774,5.4145,0.2927,1.837,2.1297,0.76,0.556,0.1204,1.4364,8.98,0.6,0.24,0.16,27
33,0.34,243.83,1.93,35.8,41.31,0.08,190,0.88,1.38,0.58,75.4,1.12,36.93,1.16,11228.85899,FINE395X,25.4,LEPP,MICAFF,2,INT,120,119,0.2129,0.2493,0.272,1.0591,0.7342,1.7933,2.5275,0.3786,2.1481,2.5267,0.25,0.317,0.295,0.862,5.92,0.43,0.43,0.15,28
35,0.32,260.49,1.93,37.51,41.76,0.09,158.89,0.9,5.61,0.49,33.72,1.55,39.83,0.81,7751.589029,FINE119,11.9,JE,MICAFF,1,INT,44,43,0.0313,0.0598,0.092,0.312,0.1831,0.4951,0.6782,0.0983,0.4381,0.5364,0.04,0.1297,0.0638,0.2335,1.45,0.47,0.37,0.16,29
33,0.51,NA,1.93,34.77,49.95,0.13,148.33,0.58,2,0.77,55.85,0.84,44.83,0.54,2350.490445,FINE365,13.6,LEPP,TROINV,3,INT,163,162,0.2487,0.1278,NA,0.0424,0.3765,0.4189,0.7954,0.2974,1.3349,1.6323,0.48,0.487,0.0382,1.0052,3.43,0.23,0.48,0.29,30
34,0.24,328.34,1.94,40.82,30.52,0.09,142.28,0.9,2.29,0.7,57.66,1.77,42.34,0.53,345.040199,FINE172,13.4,JE,VOCFER,4,INT,94,94,0.0162,0.0158,0.0195,0.0526,0.0515,0.1041,0.1556,0.1411,0.474,0.6151,0.21,0.1737,0.0053,0.389,1.16,0.13,0.53,0.34,31
37,0.3,237.13,1.95,39.42,42.31,0.15,267.75,NA,NA,NA,NA,1.69,37.44,0.51,NA,NA,19.7,JE,VOCFER,1,INT,91,91,0.1058,0.0966,0.058,1.5873,0.2604,1.8477,2.1081,0.1544,0.7996,0.954,0.37,0.2136,0.036,0.6196,3.68,0.57,0.26,0.17,32
47,0.26,276.11,1.95,45.3,36.28,0.17,220,NA,NA,NA,NA,NA,NA,0.59,NA,NA,26.6,LSUR,LACPAN,2,NLD,222,222,0.0185,0.0376,0.063,0.258,0.1191,0.3771,0.4962,0.1058,0.4696,0.5754,0.82,0.06,0.04,0.92,1.99,0.25,0.29,0.46,33
26,0.31,292.18,1.96,48,34.34,0.1,311.11,0.62,NA,0.87,NA,NA,NA,0.48,5741.368618,FINE,19.6,JE,GUAAMP,1,LD,22,21,0.1775,0.1352,0.1586,0.5298,0.4713,1.0011,1.4724,0.1073,0.473,0.5803,0.2,0.1852,0.074,0.4592,2.51,0.59,0.23,0.18,34
33,0.26,342.06,1.97,43.11,30.34,0.1,202.93,0.62,2.91,0.73,50.56,1.54,36.88,0.53,NA,NA,NA,LEPP,VOCFER,4,INT,180,179,0,0,0,0.3528,0,0.3528,0.3528,0.1373,0.3183,0.4556,NA,NA,NA,NA,NA,NA,NA,NA,35
42,0.18,202.42,2,44.75,49.72,0.32,354.44,0.66,1.42,1.09,46.58,1.13,41.26,0.61,8740.094229,FINE45,16.2,JE,ARDFIM,5,NLD,3,3,0.518,0.425,0.391,1.417,1.334,2.751,4.085,0.4821,3.2409,3.723,0.35,0.4117,0.151,0.9127,8.72,0.47,0.43,0.1,36
33,0.13,399.92,2,31.89,24.16,0.15,173.33,0.3,2.8,0.55,47.37,1.85,40.53,0.4,15259.44184,2,16,LEPP,PSYELA,4,LD,140,139,0.035,0.028,NA,NA,0.063,0.063,0.126,0.3148,0.6442,0.959,0.47,0.408,0.23,1.108,2.19,0.06,0.44,0.51,37
28,0.3,260.43,2.01,42.51,38.73,0.2,283.33,1.39,2.77,0.52,64.84,2.16,43.43,0.64,11653.29872,FINE,18.9,JE,POUBIC,5,LD,68,68,0.2091,0.1963,0.2347,0.3704,0.6401,1.0105,1.6506,0.2785,1.534,1.8125,0.51,0.3705,0.1844,1.0649,4.53,0.36,0.4,0.24,38
30,0.36,266.68,2.01,45.51,37.55,0.1,263.33,0.6,NA,0.82,NA,NA,NA,0.48,NA,NA,14.2,JE,GUAAMP,4,LD,25,24,0.1018,0.1603,0.1385,NA,0.4006,0.4006,0.8012,0.1559,0.773,0.9289,0.09,0.0901,0.0256,0.2057,1.94,0.41,0.31,0.11,39
25,0.35,229.77,2.02,45.51,43.58,0.12,296.67,0.68,NA,0.8,NA,NA,NA,0.49,5136.824841,FINE155,22.2,JE,GUAAMP,2,LD,23,22,0.1193,0.0813,0.1453,0.85,0.3459,1.1959,1.5418,0.0902,0.666,0.7562,0.49,0.1406,0.0837,0.7143,3.01,0.51,0.25,0.24,40
20,0.35,266.62,2.02,35.82,37.61,0.13,424.44,0.79,5.12,0.4,45.21,1.57,44.19,0.77,3639.743193,FINE176,19.4,JE,TROINV,2,INT,76,76,0.146,0.134,0.1325,0.691,0.4125,1.1035,1.516,0.2447,0.3618,0.6065,0.72,0.3578,0.0377,1.1155,3.24,0.47,0.19,0.34,41
25,0.34,159.96,2.04,44.56,62.76,0.21,233.33,0.83,NA,NA,59.04,1.5,38.93,0.59,NA,NA,24.3,JE,MICELA,3,INT,51,50,0.6329,0.5226,0.4669,5.4685,1.6224,7.0909,8.7133,0.512,3.112,3.624,1.17,0.601,0.4811,2.2521,14.59,0.6,0.25,0.15,42
40,0.36,210.99,2.04,37.33,47.4,0.11,255.56,0.92,2.8,0.54,50.45,1.43,42.32,0.78,6651.133666,FINE185,11.3,JE,MICAFF,3,INT,46,45,0.1344,0.125,0.0657,0.3959,0.3251,0.721,1.0461,0.1355,0.7201,0.8556,0.21,0.1941,0.1025,0.5066,2.41,0.43,0.36,0.21,43
20,0.23,399.71,2.05,47.47,25.06,0.14,132.22,0.4,1.42,1.25,33.94,1.45,38.92,0.6,NA,NA,12.9,LSUR,LACPAN,3,NLD,223,223,0.0214,0.0203,0.0206,0.1131,0.0623,0.1754,0.2377,0.0264,0.078,0.1044,0.05,0.3024,0.04,0.3924,0.73,0.32,0.14,0.53,44
40,0.27,313.86,2.06,46.24,32.06,0.15,176.67,NA,NA,0.74,NA,NA,NA,0.5,NA,NA,23.4,JE,LACPAN,4,NLD,41,40,0.0428,0.0461,0.04,0.1542,0.1289,0.2831,0.412,0.1236,0.6338,0.7574,0.66,0.2271,0.06,0.9471,2.12,0.19,0.36,0.45,45
33,0.48,243.51,2.07,40.15,40.68,0.11,347.78,0.48,1.46,0.71,68.56,0.86,33.77,0.48,4414.786219,FINE393,28,LEPP,BROLAC,1,NLD,97,97,0.1932,0.1482,0.2261,1.9995,0.5675,2.567,3.1345,0.8121,4.5605,5.3726,1.78,1.217,0.1055,3.1025,11.61,0.27,0.46,0.27,46
43,0.28,268.79,2.07,42.84,37.76,0.27,246.67,1.18,2.43,0.56,60.88,1.11,43.26,0.8,13074.36461,FINE,25,JE,POUBIC,4,LD,67,67,0.3354,0.3683,0.3052,1.4214,1.0089,2.4303,3.4392,0.4017,3.093,3.4947,1.86,0.4768,0.2189,2.5557,9.49,0.36,0.37,0.27,47
33,0.37,297.15,2.07,35.98,34.12,0.08,212.22,0.56,NA,1.06,45.94,1.22,43.76,0.48,551.15062,FINE359,28,LEPP,RYASPE,4,NLD,145,144,0.1183,0.0698,0.1109,0.3408,0.299,0.6398,0.9388,0.6295,1.9088,2.5383,1.98,1.274,0.028,3.282,6.76,0.14,0.38,0.49,48
40,0.37,273.76,2.08,45.51,36.69,0.23,295.56,0.71,1.02,0.81,92.01,1.14,43.21,0.65,5184.899659,FINE129,13.5,JE,POUBIC,2,LD,65,65,0.3982,0.339,0.2703,1.709,1.0075,2.7165,3.724,0.5052,3.0096,3.5148,0.92,0.6653,0.1602,1.7455,8.98,0.41,0.39,0.19,49
27,0.34,316.63,2.08,44.12,31.49,0.16,228.33,0.7,NA,NA,NA,1.27,43.55,0.73,NA,NA,21,LSUR,POUBIC,1,LD,239,239,0.0795,0.0711,0.0645,0.5396,0.2151,0.7547,0.9698,0.0657,0.2935,0.3592,0.13,0.1063,0.0554,0.2917,1.62,0.11,0.22,0.18,50
20,0.26,335.99,2.08,46.91,29.85,0.14,208.89,0.62,NA,0.65,36.93,1.02,32.48,0.54,NA,NA,15.4,JE,LACPAN,2,NLD,38,37,0.0414,0.0293,0.0402,0.1182,0.1109,0.2291,0.34,0.041,0.1088,0.1498,0.11,0.1009,0.06,0.2709,0.76,0.45,0.2,0.36,51
33,0.19,228.87,2.09,48.65,40.04,0.28,393.33,1,NA,NA,NA,0.69,41.63,0.54,NA,NA,24.4,LSUR,ARDFIM,1,NLD,183,182,0.109,0.128,0.468,0.46,0.705,1.165,1.87,2.894,8.8475,11.7415,5.58,2.7246,0.0653,8.3699,21.98,0.09,0.53,0.38,52
33,0.3,239.91,2.09,45.58,40.23,0.14,240.34,0.63,NA,NA,NA,NA,NA,1.99,NA,NA,10.5,LEPP,GUAAMP,6,LD,108,108,0,NA,NA,NA,0,0,0,0.1489,0.7228,0.8717,0.23,0.428,0.0677,0.7257,1.6,NA,0.55,0.45,53
41,0.17,295.04,2.09,36.19,33.9,0.15,312.22,0.62,4.01,0.58,33.36,1.76,42,0.56,20638.25562,FINE,15.7,JE,PSYELA,4,LD,72,72,0.1345,0.2351,0.1628,0.688,0.5324,1.2204,1.7528,0.1902,1.492,1.6822,0.26,0.124,0.2107,0.5947,4.03,0.43,0.42,0.15,54
33,0.5,281.95,2.1,46.86,35.85,0.08,181.67,1.8,1.09,0.55,190.94,1.33,40.83,0.55,NA,NA,48,LEPP,PROCON,4,NLD,135,134,0.0449,0.04,0.0351,NA,0.12,0.12,0.24,0.4765,2.5901,3.0666,5.53,0.401,0.13,6.061,9.37,0.03,0.33,0.65,55
27,0.39,338.29,2.1,42.83,29.89,0.13,191.11,0.64,1.09,0.82,83.69,1.66,42.47,0.66,2090.770562,FINE442,6.2,LEPP,POUBIC,5,LD,132,131,0.0663,0.0774,0.0684,NA,0.2121,0.2121,0.4242,0.0985,0.5028,0.6013,0.11,0.122,0.0596,0.2916,1.32,0.32,0.46,0.22,56
32,NA,146.03,2.11,44.41,68.54,0.29,291.11,0.66,1.85,0.76,56.39,1.52,37.91,0.73,10907.64915,FINE46,13.5,JE,MICELA,1,INT,49,48,0.4272,0.3645,0.3628,3.744,1.1545,4.8985,6.053,0.3681,2.091,2.4591,0.84,0.3982,0.1963,1.4345,9.95,0.61,0.23,0.14,57
33,0.35,235.45,2.11,43.61,39.11,0.13,235.64,0.54,NA,1.01,NA,NA,NA,0.45,NA,NA,28.5,LEPP,GUAAMP,2,LD,106,106,0,0,0,NA,0,0,0,0.7279,2.0302,2.7581,2.47,1.361,0.195,4.026,6.78,0.26,0.41,0.59,58
21,0.37,278.28,2.11,41.5,37.2,0.12,318.89,0.58,3.21,0.38,86.23,1.15,43.17,0.41,3506.711248,FINE183,16.8,JE,BROLAC,4,NLD,9,9,0.0878,0.0467,0.0763,0.157,0.2108,0.3678,0.5786,0.1382,0.308,0.4462,0.29,0.2298,0.0604,0.5802,1.61,0.36,0.28,0.36,59
33,0.17,307.78,2.12,34,32.54,0.15,246.67,0.38,1.72,0.51,70.05,1.47,40.92,0.42,10338.59023,FINE453X,13.5,LEPP,PSYELA,5,LD,141,140,0.312,0.314,0.115,0,0.741,0.741,1.482,0.3002,2.8312,3.1314,0.45,0.291,0.243,0.984,5.6,0.26,0.56,0.18,60
30,0.3,321.15,2.12,38.09,31.17,0.08,180,0.95,NA,NA,NA,1.26,42.52,0.67,NA,NA,3,JE,MICAFF,5,INT,48,47,0.0039,0.0257,0.0388,0.0025,0.0684,0.0709,0.1393,0.0767,0.305,0.3817,0.02,0.0676,0.0696,0.1572,0.68,0.21,0.56,0.23,61
29,0.38,134.02,2.13,44.81,74.69,0.15,234.44,0.65,NA,0.75,56.94,1.55,36.98,NA,25405.62463,FINEX,NA,JE,MICELA,4,INT,52,51,0.6727,0.4925,0.4351,2.4181,1.6003,4.0184,5.6187,0.4034,2.328,2.7314,0.84,0.3982,0.1963,1.4345,9.78,0.57,0.28,0.15,62
23,0.27,282.69,2.13,43.72,35.48,0.16,470,NA,NA,NA,NA,1.15,40.45,0.5,NA,NA,11.7,JE,DENARB,1,LD,17,16,0.0814,0.2643,0.1917,0.6638,0.5374,1.2012,1.7386,0.2349,0.872,1.1069,1.22,0.4468,0.0691,1.7359,4.58,0.38,0.24,0.38,63
33,0.48,323.66,2.13,44.65,35.29,0.08,81.67,0.59,1.04,0.56,200.84,1.51,41.64,0.53,NA,NA,14.2,LEPP,PROCON,2,NLD,133,132,0.0488,0.0411,0.0433,NA,0.1332,0.1332,0.2664,0.0768,0.4135,0.4903,0.3,0.189,0.0168,0.5058,1.26,0.21,0.39,0.4,64
30,0.18,335.49,2.13,43.85,29.87,0.21,380,NA,2.43,0.88,39.1,1.19,43.49,0.5,1926.146659,FINE,14.3,JE,DENARB,2,LD,18,17,0.1645,0.2317,0.186,0.2966,0.5822,0.8788,1.461,0.203,0.7076,0.9106,0.34,0.3359,0.0287,0.7046,3.08,0.47,0.3,0.23,65
33,0.38,NA,2.13,45.28,NA,0.07,120,0.41,NA,0.7,NA,NA,NA,0.42,918.97794,FINE362,17.1,LEPP,TAPGUI,1,NLD,152,151,0.0377,0.0364,NA,NA,0.0741,0.0741,0.1482,0.0155,0.0654,0.0809,0.09,0.016,0.0012,0.1072,0.34,0.44,0.24,0.32,66
33,0.37,226.74,2.14,53.8,57.56,0.07,216.67,0.67,4.28,0.74,26.99,NA,NA,0.63,846.67529,FINE43,9,LEPP,TAPGUI,5,NLD,156,155,0.072,0.0394,0.0297,NA,0.1411,0.1411,0.2822,0.0283,0.08,0.1083,0.02,0.047,0.0049,0.0719,0.46,0.61,0.23,0.16,67
50,0.35,231.13,2.14,36.76,43.38,0.12,502.22,0.75,2.84,0.45,71.47,1.52,43.56,0.72,679.25188,FINE148,24.6,JE,TROINV,3,INT,77,77,0.2204,0.2123,0.3022,2.421,0.7349,3.1559,3.8908,0.4855,2.3295,2.815,2.55,0.638,0.0116,3.1996,9.91,0.39,0.28,0.32,68
33,0.27,411.4,2.14,36.99,23.82,0.08,103.33,0.67,1.11,0.76,66.86,1.68,40.91,2.8,7945.462139,FINE392X,18.9,LEPP,MICAFF,4,INT,122,121,0.0342,0.0326,0.0303,0.1442,0.0971,0.2413,0.3384,0.4114,1.1409,1.5523,0.6,0.711,0.218,1.529,3.42,0.1,0.45,0.45,69
33,0.19,271.95,2.17,32.59,37.55,0.16,180,0.29,2.32,0.51,40.76,1.43,40.43,0.31,15055.19046,FINE456X,21.3,LEPP,PSYELA,2,LD,138,137,0.131,0.193,0.154,NA,0.478,0.478,0.956,0.1296,0.6784,0.808,0.84,0.158,0.228,1.226,2.99,0.32,0.27,0.41,70
33,0.26,293.03,2.17,40.21,34.14,0.1,175.55,0.62,3.86,0.64,41.63,1.62,47.27,0.47,477.825133,FINE143,11.7,JE,VOCFER,5,INT,95,95,0.0168,0.0202,0.0312,0.4185,0.0682,0.4867,0.5549,0.1041,0.4047,0.5088,0.15,0.1465,0.0047,0.3012,1.36,0.41,0.37,0.22,71
33,0.28,513.49,2.17,38.95,NA,0.05,NA,0.35,NA,1.22,59.93,2.34,43.98,0.39,1428.313654,FINE385,21.3,LEPP,PENMAC,1,INT,124,123,0.037,NA,NA,NA,0.037,0.037,0.074,0.1549,0.7222,0.8771,0.74,0.418,0.0455,1.2035,2.15,0.03,0.41,0.56,72
28,0.45,285.84,2.19,43.21,35.31,0.1,301.11,1.51,2.05,0.46,96.5,1.68,49.41,0.39,2485.031977,FINE153,17.3,JE,BROLAC,5,NLD,10,10,0.067,0.068,0.064,0.0806,0.199,0.2796,0.4786,0.2317,0.733,0.9647,0.45,0.375,0.0588,0.8838,2.33,0.21,0.41,0.38,73
33,0.16,332.49,2.19,32.66,30.11,0.15,230,0.3,4.41,0.5,39.09,1.13,43.45,0.31,8360.101584,FINE452,13.3,LEPP,PSYELA,1,LD,137,136,0.142,0.119,0.112,NA,0.373,0.373,0.746,0.1389,0.8156,0.9545,0.18,0.113,0.086,0.379,2.08,0.36,0.46,0.18,74
33,0.17,355.44,2.2,39.34,NA,0.14,167.4,0.52,2.2,0.59,67.05,2.49,40.94,0.47,11477.8593,NA,23.5,LEPP,COUHON,3,INT,102,102,0,0,0,0,0,0,0,0.5759,3.8023,4.3782,1.15,0.81,0.2116,2.1716,6.55,NA,0.67,0.33,75
22,0.18,348.27,2.2,39.34,NA,0.15,169.42,0.53,3.26,0.82,29.57,2.44,41.27,0.47,4998.534495,FINE445,16.6,LEPP,COUHON,4,INT,103,103,0,0,0,0,0,0,0,0.2688,1.7185,1.9873,0.33,0.288,0.0476,0.6656,2.65,NA,0.75,0.25,76
33,0.41,206.3,2.21,37.92,48.54,0.12,281.11,0.88,4.6,0.5,45.21,1.63,45.67,0.8,1722.573231,FINE44,15,LEPP,TROINV,2,INT,162,161,0.0746,0.0703,0.0426,0.1436,0.1875,0.3311,0.5186,0.101,0.1579,0.2589,0.12,0.163,0.017,0.3,1.08,0.25,0.24,0.28,77
33,0.31,258.66,2.21,39.16,36.61,0.08,201.67,0.88,2.65,0.51,45.45,1.18,41.19,0.91,10883.21544,FINE396X,14,LEPP,MICAFF,5,INT,123,122,0.1033,0.1061,0.0861,0.7121,0.2955,1.0076,1.3031,0.2039,0.6466,0.8505,0.18,0.246,0.1752,0.6012,2.75,0.47,0.31,0.22,78
42,0.3,379.96,2.21,38.38,26.39,0.08,91.67,1.01,2.43,0.52,70,1.36,41.72,0.72,3124.838554,FINE333,20.5,LSUR,MICAFF,5,INT,230,230,0.0468,0.0447,NA,0.2389,0.0915,0.3304,0.4219,0.0774,0.2305,0.3079,0.02,0.0676,0.057,0.1446,0.87,0.48,0.35,0.17,79
33,0.31,250.05,2.22,43.51,39.32,0.15,230.33,0.49,NA,1.32,NA,NA,NA,0.49,1649.64817,FINE356,36,LEPP,GUAAMP,1,LD,105,105,0.2445,0.1888,0.1503,1.4289,0.5836,2.0125,2.5961,0.1645,0.767,0.9315,4.58,1.129,0.026,5.735,9.26,0.28,0.48,0.62,80
25,0.18,270.93,2.22,44.64,36.45,0.19,353.17,0.71,NA,NA,NA,1.23,38.63,0.74,NA,NA,18.6,LSUR,ARDFIM,2,NLD,184,183,0.254,0.1086,0.293,1.909,0.6556,2.5646,3.2202,0.2689,1.0871,1.356,1.47,0.5358,0.0566,2.0624,6.64,0.49,0.2,0.31,81
48,0.28,320.78,2.22,47.46,31.43,0.15,176.67,0.6,1.38,1.2,39.93,1.72,35.47,0.56,NA,NA,26.5,LSUR,LACPAN,4,NLD,224,224,0.0855,0.0817,0.0699,1.43,0.2371,1.6671,1.9042,0.2925,2.0442,2.3367,1.21,0.386,0.0383,1.6343,5.88,0.32,0.4,0.28,82
38,0.37,138.7,2.23,44.72,72.1,0.22,297.78,0.76,1.92,0.66,58.47,1.48,38.89,0.7,30101.73591,FINEX,9.9,JE,MICELA,2,INT,50,49,1.0955,0.6767,0.5614,7.4298,2.3336,9.7634,12.097,0.6473,4.386,5.0333,1.59,0.6184,0.5816,2.79,19.92,0.61,0.29,0.14,83
45,0.31,230.75,2.23,46.62,43.39,0.16,270.03,0.45,NA,0.63,NA,NA,NA,0.49,NA,NA,29.2,LSUR,GUAAMP,5,LD,211,211,0.2896,0.1755,0.3603,1.7614,0.8254,2.5868,3.4122,0.2235,1.3618,1.5853,4.29,0.8899,0.0814,5.2613,10.26,0.33,0.15,0.21,84
37,0.32,259.1,2.23,37.89,38.77,0.13,421.11,0.77,4.86,0.43,45.59,1.51,46.42,0.69,2100.714616,FINE1,20.9,JE,TROINV,1,INT,75,75,0.157,0.158,0.202,0.751,0.517,1.268,1.785,0.2525,0.9582,1.2107,0.79,0.4293,0.022,1.2413,4.24,0.42,0.29,0.29,85
33,0.5,414.5,2.23,40.8,24.31,0.12,291.67,0.52,3.96,0.84,21,1.01,38.45,0.6,4219.946986,FINE366,19.9,LEPP,BROLAC,3,NLD,98,98,0.1859,0.1517,0.135,0.5695,0.4726,1.0421,1.5147,0.3365,3.1076,3.4441,0.61,0.43,0.0321,1.0721,6.03,0.25,0.57,0.18,86
30,0.16,233.84,2.25,46.38,42.87,0.24,336.67,0.79,0.8,1.02,110.87,0.85,39.85,0.75,NA,NA,14.3,LSUR,ARDFIM,6,NLD,187,186,0.4036,0.3461,0.3147,2.7425,1.0644,3.8069,4.8713,0.4689,3.5839,4.0528,2.23,0.6362,0.1922,3.0584,11.98,0.41,0.34,0.26,87
30,0.21,296,2.25,43.5,33.94,0.21,317.78,0.58,0.81,1.52,46.99,2.46,38.66,0.36,8137.186957,FINE154,16.9,JE,HERDID,5,LD,31,30,0.1942,0.1919,0.173,0.7141,0.5591,1.2732,1.8323,0.2378,0.8806,1.1184,0.2,0.2353,0.1843,0.6196,3.57,0.51,0.31,0.17,88
34,0.27,296.82,2.25,48.16,33.83,0.12,298.89,NA,0.81,1.36,58.47,2.19,48.18,0.43,2138.825075,FINE32,19.9,JE,VIRSEB,1,NLD,86,86,0.1465,0.1606,0.0821,0.467,0.3892,0.8562,1.2454,0.139,0.7803,0.9193,0.52,0.2012,0.0532,0.7744,2.94,0.42,0.31,0.26,89
38,0.29,309.38,2.25,46.72,32.34,0.13,177.78,NA,NA,0.56,40.94,1.42,41.98,0.62,NA,NA,18.2,JE,LACPAN,1,NLD,37,36,0.0345,0.0379,0.0322,0.106,0.1046,0.2106,0.3152,0.1539,0.5583,0.7122,0.31,0.2062,0.08,0.5962,1.62,0.19,0.44,0.37,90
30,0.36,149.54,2.26,46.68,67.12,0.21,278.88,0.82,1.79,0.63,67.68,1.41,39.92,0.7,9252.763596,FINE131,26,JE,MICELA,5,INT,53,52,0.6481,0.3333,0.4961,3.453,1.4775,4.9305,6.408,0.3887,2.699,3.0877,0.8,0.5173,0.1972,1.5145,11.01,0.58,0.28,0.14,91
24,0.29,302.49,2.26,47.31,33,0.11,256.67,0.43,NA,NA,NA,NA,NA,0.49,NA,NA,13.2,LSUR,GUAAMP,1,LD,208,208,0.097,0.076,0.096,0.554,0.269,0.823,1.092,0.0813,0.3379,0.4192,0.15,0.1557,0.023,0.3287,1.84,0.59,0.23,0.18,92
33,0.39,217.15,2.27,36.66,49.29,0.12,150.62,0.77,3.24,0.99,48.9,0.78,44.09,0.81,NA,NA,24.6,LEPP,TROINV,4,INT,164,163,0.1283,0.2061,0.2833,NA,0.6177,0.6177,1.2354,0.631,2.5586,3.1896,2.53,0.799,0.0859,3.4149,7.84,0.16,0.41,0.44,93
32,0.23,383.03,2.28,48.17,26.14,0.15,154.44,0.53,NA,NA,NA,NA,NA,0.68,NA,NA,8,LSUR,LACPAN,1,NLD,221,221,0.0421,0.0423,0.031,0.24,0.1154,0.3554,0.4708,0.1058,0.4696,0.5754,0.57,0.1802,0.04,0.7902,1.84,0.26,0.31,0.43,94
20,0.15,276.15,2.31,46.5,35.22,0.2,241.67,0.58,0.65,0.91,126.37,0.83,39.33,0.65,2564.635394,FINE314,19.2,LSUR,ARDFIM,3,NLD,185,184,0.1461,0.1816,0.1831,0.5527,0.5108,1.0635,1.5743,0.4216,1.8011,2.2227,5.02,0.6904,0.1127,5.8231,9.62,0.16,0.23,0.61,95
34,0.22,276.38,2.31,41.71,36.26,0.21,353.33,NA,0.78,1.64,43.82,2.35,38.51,0.32,7585.477061,FINE,15.2,JE,HERDID,1,LD,27,26,0.1678,0.2956,0.2461,0.5688,0.7095,1.2783,1.9878,0.2131,0.9519,1.165,0.3,0.2834,0.1659,0.7493,3.9,0.51,0.3,0.19,96
33,0.26,284.26,2.31,47.72,33.02,0.1,285,0.55,0.79,1.37,59.37,1.97,45.44,0.51,2182.329523,FINE391,15,LEPP,VIRSEB,1,NLD,173,172,0.1104,0.2445,0.1268,1.4068,0.4817,1.8885,2.3702,0.31,0.9693,1.2793,0.37,0.36,0.0556,0.7856,4.44,0.53,0.29,0.18,97
35,0.45,284.63,2.31,43.72,35.62,0.11,217.78,0.67,1.96,0.51,90.97,1.25,44.76,0.59,8169.472739,FINE134,12.9,JE,POUBIC,3,LD,66,66,0.0334,0.03,0.066,0.1296,0.1294,0.259,0.3884,0.2939,1.4999,1.7938,0.89,0.3019,0.1881,1.38,3.56,0.6,0.5,0.39,98
20,0.28,376.35,2.31,46.8,26.66,0.1,183.33,NA,NA,0.83,NA,NA,NA,0.75,399.647685,FINE37,18.3,JE,LACPAN,5,NLD,42,41,0.0258,0.016,0.0204,0.0631,0.0622,0.1253,0.1875,0.0934,0.0934,0.1868,0.17,0.0663,0.08,0.3163,0.69,0.27,0.27,0.46,99
33,0.43,351.06,2.33,45.96,27.75,0.07,143.33,0.58,1,0.6,180.47,0.99,41.25,0.57,1192.410311,FINE496,NA,LEPP,PROCON,3,NLD,134,133,0.0415,0.0418,0.0238,NA,0.1071,0.1071,0.2142,0.0495,0.1556,0.2051,0.02,0.065,0.0122,0.0972,0.52,0.41,0.4,0.19,100
27,0.29,252.42,2.35,48.42,39.77,0.14,342.22,0.54,0.69,1.35,69.43,2.1,40.21,0.42,4178.276812,FINE21,25.6,JE,VIRSEB,3,NLD,88,88,0.1384,0.1532,0.2056,2.6685,0.4972,3.1657,3.6629,0.6358,2.2888,2.9246,1.6,0.9067,0.1237,2.6304,9.22,0.4,0.32,0.29,101
47,0.34,273.05,2.35,48.42,36.72,0.11,236.67,0.45,NA,0.65,NA,NA,NA,0.41,1404.281966,FINE32,9.3,LSUR,GUAAMP,3,LD,210,210,0.1726,0.2216,0.1728,1.2479,0.567,1.8149,2.3819,0.1778,1.2596,1.4374,0.29,0.2644,0.0372,0.5916,4.41,0.54,0.33,0.13,102
33,0.23,283.59,2.35,47.03,32.67,0.15,NA,0.46,NA,NA,NA,1.17,48.61,0.37,NA,NA,20.4,LEPP,VIRKOS,1,NLD,167,166,0.272,0.208,0.238,NA,0.718,0.718,1.436,0.2224,1.5167,1.7391,0.64,0.244,0.0707,0.9547,4.13,0.35,0.42,0.23,103
45,0.25,308.84,2.35,42.79,31.73,0.11,330,0.5,NA,NA,NA,1.78,41.98,0.52,NA,NA,17.1,LSUR,VIRSEB,1,NLD,257,257,0.138,0.104,0.141,0.628,0.383,1.011,1.394,0.3225,2.2566,2.5791,0.62,0.4247,0.0326,1.0773,5.05,0.28,0.51,0.21,104
30,0.29,358.86,2.35,47.01,27.87,0.1,176.67,0.7,NA,0.48,34.04,1.6,47.72,0.51,126.286617,FINE127,17.7,JE,LACPAN,3,NLD,39,38,0.0304,0.0217,0.0224,0.0982,0.0745,0.1727,0.2472,0.0466,0.2068,0.2534,0.34,0.0971,0.02,0.4571,0.96,0.26,0.26,0.48,105
33,0.22,354.56,2.35,40.15,NA,0.15,199.99,0.45,1.94,0.62,60.08,1.19,43.79,0.41,8018.77875,FINE5X,14.3,LEPP,COUHON,1,INT,100,100,0,0,NA,NA,0,0,0,0.2256,2.6622,2.8878,0.95,0.257,0.1618,1.3688,4.26,NA,0.68,0.32,106
20,0.36,214.94,2.36,46.16,46.88,0.13,353.33,0.82,NA,0.63,NA,NA,NA,0.55,2893.444848,FINE,22.3,JE,GUAAMP,5,LD,26,25,0.2999,0.2362,0.2571,NA,0.7932,0.7932,1.5864,0.2663,0.987,1.2533,0.69,0.4262,0.0467,1.1629,4,0.4,0.31,0.29,107
23,0.24,271.07,2.36,45.98,36.8,0.15,NA,0.43,0.66,1.29,81.02,2.22,47.68,0.41,2484.640363,FINE448,10.5,LEPP,VIRKOS,3,NLD,169,168,0.168,0.187,0.194,NA,0.549,0.549,1.098,0.1674,0.7474,0.9148,0.18,0.192,0.08,0.452,2.46,0.45,0.37,0.48,108
33,0.26,291.92,2.37,49,34.66,0.11,266.67,0.58,NA,NA,NA,2.09,43.38,NA,NA,NA,NA,LEPP,VIRSEB,5,NLD,177,176,0.146,0.15,0.065,NA,0.361,0.361,0.722,0.2179,0.7864,1.0043,0.37,0.36,0.0556,0.7856,2.51,0.29,0.4,0.31,109
33,0.17,305.6,2.38,34.29,33.2,0.15,230,0.35,2.41,0.51,52.89,0.93,43.63,0.39,9118.107946,FINE457X,9.5,LEPP,PSYELA,3,LD,139,138,0.272,0.278,0.154,NA,0.704,0.704,1.408,0.1743,1.1585,1.3328,0.23,0.243,0.164,0.637,3.38,0.42,0.39,0.19,110
29,0.19,260.94,2.4,41.54,39.64,0.25,338.89,0.42,0.63,1.7,45.12,2.42,40.51,0.34,7438.432194,FINE165,16.4,JE,HERDID,4,LD,30,29,0.2848,0.2923,0.3981,0.457,0.9752,1.4322,2.4074,0.2491,1.063,1.3121,0.39,0.3563,0.19,0.9363,4.66,0.52,0.28,0.2,111
40,0.26,285.34,2.4,46.81,35.06,0.12,294.44,0.52,NA,0.69,NA,NA,NA,0.43,NA,NA,25.5,LSUR,GUAAMP,2,LD,209,209,0.2575,0.174,0.1289,1.009,0.5604,1.5694,2.1298,0.1048,0.7879,0.8927,0.47,0.2096,0.076,0.7556,3.78,0.56,0.24,0.2,112
33,0.43,NA,2.4,46.31,36.76,0.13,147.78,0.5,1.1,0.53,205.58,1.4,40.9,0.53,299.575324,FINE36,11.7,LEPP,PROCON,5,NLD,136,135,0.035,0.0297,0.0298,0.1231,0.0945,0.2176,0.3121,0.0658,0.1099,0.1757,0.06,0.084,0.013,0.157,0.64,0.48,0.27,0.24,113
32,0.22,330.78,2.41,36.17,30.08,0.23,255,0.63,NA,NA,NA,1.33,33.42,0.59,NA,NA,13,LSUR,FARPAR,1,NLD,203,203,0.1324,0.0582,0.1187,1.1602,0.3093,1.4695,1.7788,0.2502,1.1901,1.4403,0.28,0.9209,0.1842,1.3851,4.6,0.39,0.31,0.3,114
23,0.23,338.73,2.42,43.43,28.57,0.11,243.33,0.22,0.5,1.38,51.08,1.8,44.23,0.32,NA,NA,6.2,LSUR,VIRKOS,3,NLD,254,254,0.0961,0.1305,0.0861,NA,0.3127,0.3127,0.6254,0.0672,0.3286,0.3958,0.04,0.1511,0.0156,0.2067,1.23,0.51,0.32,0.17,115
50,0.47,246.34,2.44,45.82,41.21,0.12,320,0.47,1.48,0.4,78.45,1.12,46.15,0.49,NA,NA,28.3,LSUR,BROLAC,3,NLD,189,188,0.1575,0.2,0.2073,0.8349,0.5648,1.3997,1.9645,0.5094,2.4876,2.997,1.78,0.6648,0.0732,2.518,7.48,0.26,0.4,0.34,116
42,0.21,262.96,2.44,34.86,38.03,0.16,205.56,NA,2.06,0.96,30.71,1.88,41.86,0.53,5893.506408,FINE41,12.2,JE,PSYELA,1,LD,69,69,0.0914,0.0859,0.0832,0.7552,0.2605,1.0157,1.2762,0.1458,0.8088,0.9546,0.18,0.1381,0.078,0.3961,2.63,0.49,0.36,0.15,117
40,0.18,288.36,2.45,35.64,34.74,0.16,231.11,0.72,2.66,0.78,32.2,2.24,39.39,0.35,13754.82634,FINE163,6.8,JE,PSYELA,2,LD,70,70,0.2059,0.2011,0.1421,1.2494,0.5491,1.7985,2.3476,0.2167,1.3358,1.5525,0.21,0.1926,0.1678,0.5704,4.47,0.53,0.35,0.13,118
28,0.3,229.12,2.46,48.22,43.87,0.13,251.67,1.39,0.69,1.47,57.73,1.83,43.61,0.3,3278.897999,FINE141,16.3,JE,VIRKOS,4,NLD,84,84,0.1128,0.1576,NA,NA,0.2704,0.2704,0.5408,0.0779,0.448,0.5259,0.29,0.1291,0.0905,0.5096,1.58,0.34,0.33,0.32,119
20,0.33,398.51,2.46,44.75,25.17,0.15,160,0.63,1.71,0.93,41.56,0.92,42.94,0.62,2826.498863,FINE444,16,LEPP,POUBIC,4,LD,131,130,0.032,0.039,0.041,NA,0.112,0.112,0.224,0.0938,0.2116,0.3054,0.1,0.148,0.0464,0.2944,0.82,0.27,0.37,0.36,120
27,0.24,269.35,2.47,46.95,36.99,0.15,185,0.33,0.8,1.39,55.22,2.09,46.63,0.38,1497.206031,FINE451,15.3,LEPP,VIRKOS,6,NLD,172,171,0.218,0.2396,0.263,NA,0.7206,0.7206,1.4412,0.1849,0.7623,0.9472,0.34,0.286,0.037,0.663,3.05,0.47,0.31,0.22,121
20,0.32,221.84,2.48,48.64,45.23,0.13,340,0.64,0.82,1.44,51.6,2.28,43.96,0.5,7940.444197,FINE169,10.4,JE,VIRSEB,4,NLD,89,89,0.1913,0.2207,0.284,0.608,0.696,1.304,2,0.2418,0.7171,0.9589,0.27,0.3228,0.1868,0.7796,3.74,0.53,0.26,0.21,122
21,0.17,274.92,2.48,41.64,39.6,0.2,452.22,0.73,2.99,0.81,34.68,NA,NA,0.43,604.311878,FINE144,16.9,JE,DENARB,3,LD,19,18,0.08,0.11,0.138,0.006,0.328,0.334,0.662,0.1038,0.301,0.4048,0.69,0.3813,0.0064,1.0777,2.14,0.31,0.19,0.5,123
24,0.26,275.86,2.48,47.02,37.59,0.14,179.37,0.4,0.75,1.37,62.91,2.15,46.57,0.42,1974.505105,FINE45,22.8,LEPP,VIRKOS,4,NLD,170,169,0.215,0.284,0.129,NA,0.628,0.628,1.256,0.148,0.6816,0.8296,1.11,0.235,0.053,1.398,3.48,0.36,0.38,0.4,124
33,0.29,298.52,2.48,46.16,33.52,0.1,NA,0.52,NA,NA,NA,1.56,43.32,0.57,NA,NA,14.2,LEPP,VIRKOS,2,NLD,168,167,0.169,0.234,NA,NA,0.403,0.403,0.806,0.1618,0.4726,0.6344,0.19,0.1685,0.0359,0.3944,1.83,0.44,0.35,0.21,125
30,0.2,331.62,2.48,36.19,30.11,0.13,276.67,0.74,NA,NA,88.05,1.42,34.6,0.62,NA,NA,11.2,LSUR,FARPAR,2,NLD,204,204,0.1257,0.1473,0.1239,1.0698,0.3969,1.4667,1.8636,0.1854,1.0424,1.2278,0.36,0.1999,0.0669,0.6268,3.72,0.5,0.33,0.17,126
33,0.37,373.25,2.48,45.79,26.82,0.13,175.56,0.8,3.83,0.6,38.32,1.38,42.61,0.44,3467.112221,FINE443,13,LEPP,POUBIC,2,LD,130,129,0.06,0.049,0.045,NA,0.154,0.154,0.308,0.0488,0.4056,0.4544,0.06,0.0545,0.0359,0.1504,0.91,0.34,0.5,0.16,127
33,0.3,300.94,2.49,46.96,33.32,0.1,194.44,0.56,1.5,0.95,49.32,1.25,44.12,0.53,974.128367,FINE355,24,LEPP,RYASPE,1,NLD,142,141,0.1167,0.1794,0.0752,0.4162,0.3713,0.7875,1.1588,0.573,1.8157,2.3887,2.81,0.91,0.018,3.738,7.29,0.16,0.33,0.51,128
27,0.22,305.5,2.49,46.27,33.02,0.13,166.67,0.35,0.69,1.4,67.32,2.29,46.64,0.41,2034.321693,FINE449,16,LEPP,VIRKOS,5,NLD,171,170,0.122,0.137,0.141,NA,0.4,0.4,0.8,0.0795,0.3709,0.4504,0.16,0.1087,0.058,0.3267,1.58,0.51,0.29,0.21,129
24,0.4,322.57,2.5,43.9,31.09,0.09,204.44,0.64,3.55,0.54,75.45,1.24,44.54,0.62,NA,NA,10.3,LSUR,BROLAC,4,NLD,190,189,0.0508,0.054,0.0424,0.1248,0.1472,0.272,0.4192,0.0548,0.1438,0.1986,0.07,0.0673,0.0221,0.1594,0.78,0.54,0.26,0.21,130
33,0.24,337.9,2.5,38.76,NA,0.19,199.53,0.53,2.3,0.64,68.08,2.27,41.19,0.44,7633.703599,FINE458,13.5,LEPP,COUHON,5,INT,104,104,0,0,0,NA,0,0,0,NA,NA,NA,0.24,0.221,NA,0.461,NA,NA,NA,NA,131
24,0.4,281,2.51,47.97,35.52,0.13,206.67,0.38,NA,NA,NA,2.14,44.51,0.48,NA,NA,15.5,LSUR,VIRKOS,2,NLD,253,253,0.281,0.193,0.347,0.458,0.821,1.279,2.1,0.1751,0.7742,0.9493,0.14,0.1893,0.1437,0.473,3.52,0.6,0.27,0.13,132
35,0.24,319.88,2.51,48.69,29.66,0.11,198.33,0.4,0.67,1.41,54.29,1.87,45.41,0.49,NA,NA,22,LSUR,VIRKOS,4,NLD,255,255,0.3957,0.3861,0.1087,1.1539,0.8905,2.0444,2.9349,0.2495,1.3887,1.6382,1.01,0.403,0.2032,1.6162,6.19,0.47,0.26,0.26,133
33,NA,259.88,2.52,49.28,39.56,0.11,178.33,0.54,0.8,1.29,62.95,1.97,43.44,0.54,NA,NA,16.2,LEPP,TRISEP,2,LD,158,157,0.107,0.051,0.144,NA,0.302,0.302,0.604,0.1486,0.4142,0.5628,0.4,0.237,0.098,0.735,1.9,0.32,0.3,0.39,134
33,0.32,240.22,2.53,45.48,42.49,0.13,230.34,0.62,NA,0.89,NA,NA,NA,0.51,2838.646038,FINE464,17.7,LEPP,GUAAMP,4,LD,107,107,0,0,0,NA,0,0,0,0.2653,1.3813,1.6466,0.28,0.313,0.0539,0.6469,2.29,NA,0.72,0.28,135
33,0.34,340.47,2.53,45.75,29.49,0.1,225.56,0.73,3,0.57,59.08,1.77,43.79,0.65,1311.291433,FINE384,6,LEPP,POUBIC,1,LD,129,128,0.0287,0.0259,0.0288,0.0706,0.0834,0.154,0.2374,0.058,0.1574,0.2154,0.02,0.047,0.018,0.085,0.54,0.44,0.4,0.16,136
33,0.19,326.96,2.53,38.89,NA,0.18,196.54,0.54,1.31,0.63,98.7,2.29,38.7,0.46,6664.512859,1,12,LEPP,COUHON,2,INT,101,101,0,0,0,NA,0,0,0,0.2317,1.1034,1.3351,0.45,0.159,0.1937,0.8027,2.14,NA,0.62,0.38,137
35,0.25,274.79,2.54,48.98,36.59,0.12,335.22,0.59,0.92,1.37,51.36,2.1,45.43,0.34,7608.339993,FINE137,16.2,JE,VIRKOS,3,NLD,83,83,0.2782,0.2684,0.2987,0.383,0.8453,1.2283,2.0736,0.1547,0.798,0.9527,0.29,0.2488,0.1664,0.7052,3.73,0.56,0.26,0.19,138
33,0.36,233.45,2.55,38.29,41.9,0.12,220.25,0.67,3.03,0.49,56.9,1.38,44.08,0.64,NA,NA,18.3,LEPP,TROINV,5,INT,165,164,0.0865,0.0733,0.0275,NA,0.1873,0.1873,0.3746,0.4371,0.8104,1.2475,2.01,1.141,0.0023,3.1533,4.78,0.08,0.26,0.66,139
20,0.27,253.45,2.55,48.74,39.51,0.12,271.67,1,0.73,1.58,52.01,1.42,55.1,0.3,1067.36347,FINE14,9.7,JE,VIRKOS,5,NLD,85,85,0.1318,0.076,NA,NA,0.2078,0.2078,0.4156,0.0893,0.2831,0.3724,0.1,0.0702,0.0262,0.1964,0.98,0.42,0.24,0.2,140
33,0.24,300.4,2.55,48.28,33.92,0.11,253.33,0.49,1.85,NA,58.09,2.17,43.67,0.41,NA,NA,17,LEPP,VIRSEB,3,NLD,175,174,0.188,0.12,0.128,NA,0.436,0.436,0.872,0.1735,0.454,0.6275,0.25,0.1805,0.068,0.4985,2,0.44,0.31,0.25,141
25,0.24,396.52,2.55,42.5,25.62,0.12,160.04,0.56,1.4,1.22,37.66,1.09,42.89,0.45,1485.832456,FINE316,15.4,LSUR,LACPAN,5,NLD,225,225,0.0597,0.0406,0.0423,0.9503,0.1426,1.0929,1.2355,0.2169,1.1483,1.3652,0.89,0.4136,0.0236,1.3272,3.93,0.31,0.35,0.34,142
33,0.26,255.97,2.56,38.14,37.77,0.12,308.33,0.63,2.77,0.69,49.73,1.48,36.44,0.53,2584.880441,FINE388,18.1,LEPP,VOCFER,2,INT,179,178,0.0869,0.0687,0.0664,0.3838,0.222,0.6058,0.8278,0.1176,0.2924,0.41,0.14,0.195,0.0334,0.3684,1.61,0.52,0.26,0.23,143
25,0.23,329.24,2.56,46.16,30.44,0.14,146.67,0.69,NA,0.52,38.93,1.55,44.45,0.54,NA,NA,14.6,JE,LACPAN,3.1,NLD,40,39,0.0281,0.0246,0.0308,0.041,0.0835,0.1245,0.208,0.0686,0.183,0.2516,0.09,0.0991,0.08,0.2691,0.73,0.29,0.35,0.37,144
36,0.48,244,2.58,44.97,41.23,0.12,355.56,0.53,1.52,0.39,89.43,1.19,41.33,0.47,NA,NA,28.5,LSUR,BROLAC,5,NLD,191,190,0.3982,0.264,0.3199,4.1085,0.9821,5.0906,6.0727,0.6375,4.902,5.5395,1.71,0.977,0.2617,2.9487,14.56,0.42,0.38,0.2,145
37,0.25,282.91,2.59,36.7,36.23,0.15,233.33,0.61,1.37,0.7,93.53,1.34,30.96,0.48,3869.715307,FINE321,16.3,LSUR,FARPAR,5,NLD,207,207,0.1141,0.0997,0.2453,2.9219,0.4591,3.381,3.8401,0.4562,2.6465,3.1027,0.43,0.3367,0.0996,0.8663,7.81,0.49,0.4,0.11,146
47,0.23,447.67,2.59,47.29,23.13,0.1,125.56,0.55,NA,NA,NA,NA,NA,0.5,NA,NA,15,JE,LACPAN,6,NLD,43,42,0.0193,0.0236,0.017,0.2379,0.0599,0.2978,0.3577,0.18,0.966,1.146,1.39,0.2333,0.08,1.7033,3.21,0.11,0.36,0.53,147
50,0.39,201.65,2.6,37.31,50.94,0.15,296.67,0.7,4.55,0.4,71.41,0.95,45.89,0.62,NA,NA,31.4,LSUR,TROINV,1,INT,247,247,0.283,0.168,0.306,0.867,0.757,1.624,2.381,1.7311,9.9635,11.6946,6.9,3.0739,0.0719,10.0458,24.12,0.1,0.48,0.42,148
45,0.41,327.49,2.6,41.63,30.63,0.16,207.78,0.66,1.21,0.72,96.01,1.28,39.65,0.64,3690.317442,FINE334,12.8,LSUR,POUBIC,5,LD,242,242,0.1753,0.1551,0.1497,0.6736,0.4801,1.1537,1.6338,0.2748,1.8183,2.0931,1.86,0.4768,0.1063,2.4431,6.17,0.26,0.34,0.4,149
33,0.27,NA,2.61,47.82,NA,0.1,236.67,0.43,2.07,0.94,24.21,2.13,43.11,0.49,4855.169797,FINE,13.8,LEPP,VIRSEB,2,NLD,174,173,0.0903,0.07,0.0804,0.4145,0.2407,0.6552,0.8959,0.1458,0.484,0.6298,0.09,0.122,0.0363,0.2483,1.77,0.51,0.36,0.14,150
29,0.26,293.66,2.62,49.98,34.16,0.12,340,NA,0.97,1.42,45.53,2,44.33,0.48,7394.943338,FINE19,19.7,JE,VIRSEB,2,NLD,87,87,0.1979,0.0594,0.1629,1.3648,0.4202,1.785,2.2052,0.2128,0.9484,1.1612,0.49,0.2993,0.1488,0.9381,4.3,0.51,0.27,0.22,151
38,0.2,327.95,2.62,39.5,32.79,0.16,246.67,0.46,2.45,0.72,60.94,2.3,40.32,0.48,NA,NA,NA,LSUR,COUHON,4,INT,201,201,1.3006,0.896,1.2342,1.105,3.4308,4.5358,7.9666,0.5235,6.0964,6.6199,2.82,1.163,0.1738,4.1568,18.74,0.43,0.35,0.22,152
25,0.31,196.38,2.64,48.12,49.71,0.17,243.33,0.73,1.95,0.73,58.03,1.27,36.13,0.71,NA,NA,15.2,LSUR,MICELA,1,INT,231,231,0.3755,0.3287,0.3759,1.4056,1.0801,2.4857,3.5658,0.2755,1.1901,1.4656,0.26,0.2955,0.1647,0.7202,5.75,0.42,0.28,0.13,153
33,0.25,310.23,2.66,48.95,32.66,0.11,202.22,0.43,NA,1.3,50.05,2.28,46.18,NA,831.669233,FINE465,16.2,LEPP,VIRSEB,4,NLD,176,175,0.126,0.062,0.123,NA,0.311,0.311,0.622,0.1235,0.725,0.8485,0.61,0.108,0.068,0.786,2.26,0.28,0.38,0.35,154
33,0.47,237.83,2.67,42.94,47.47,0.14,276.67,0.45,3.76,0.45,54.45,1.25,37.92,0.42,7395.763318,FINE358,19,LEPP,BROLAC,4,NLD,99,99,0.217,0.1865,0.2688,0.6559,0.6723,1.3282,2.0005,0.5242,6.5347,7.0589,0.98,0.686,0.0962,1.7622,10.82,0.18,0.65,0.16,155
23,0.21,283.03,2.68,43.12,35.49,0.19,227.78,0.4,1.05,1.65,32.03,2.59,46.18,0.24,2324.039446,FINE43,17,JE,HERDID,2,LD,28,27,0.126,0.1158,0.1143,0.0982,0.3561,0.4543,0.8104,0.0881,0.316,0.4041,0.19,0.1677,0.0379,0.3956,1.61,0.5,0.25,0.25,156
50,0.23,328.95,2.68,36.71,29.47,0.13,283.33,0.64,1.39,0.68,95.94,1.38,31.97,0.57,NA,NA,27.8,LSUR,FARPAR,3,NLD,205,205,0.1796,0.1235,0.0673,4.1721,0.3704,4.5425,4.9129,0.7878,5.2642,6.052,1.88,0.4085,0.2024,2.4909,13.46,0.37,0.45,0.19,157
43,0.19,276.46,2.7,43.85,36.4,0.23,281.11,0.43,0.67,1.71,38.66,2.38,41.33,0.41,9079.977466,FINE25,19.7,JE,HERDID,3,LD,29,28,0.463,0.575,0.548,1.1937,1.586,2.7797,4.3657,0.5379,2.674,3.2119,0.65,0.5523,0.2047,1.407,8.98,0.49,0.36,0.16,158
45,0.21,332.03,2.7,37.2,31.06,0.14,236.67,0.62,1.45,0.72,90.35,1.45,29.79,0.54,NA,NA,20,LSUR,FARPAR,4,NLD,206,206,0.1366,0.1118,0.1184,2.3518,0.3668,2.7186,3.0854,0.304,2.4364,2.7404,0.56,0.4919,0.1021,1.154,6.98,0.44,0.39,0.17,159
35,0.18,351.24,2.7,41.5,27.95,0.13,168.33,0.4,1.12,0.71,98.84,1.33,43.16,0.45,5621.055438,FINE33,19.5,LSUR,COUHON,5,INT,202,202,0.7712,0.8579,0.0428,1.9701,1.6719,3.642,5.3139,0.8219,6.0539,6.8758,2.82,1.163,0.1738,4.1568,16.35,0.33,0.42,0.25,160
50,0.21,248.17,2.71,42.27,40.44,0.26,236.67,0.43,0.44,1.59,42.98,1.98,43.56,0.42,4933.378419,FINE124,22.3,JE,PIPCOL,3,NLD,61,61,0.2616,0.2139,NA,0.2078,0.4755,0.6833,1.1588,0.406,1.2021,1.6081,4.96,0.7795,0.1503,5.8898,8.66,0.13,0.19,0.68,161
35,0.17,288.32,2.71,39.19,NA,NA,NA,0.23,2.52,0.5,62.48,1.32,38.43,0.33,10114.36221,FINE328,9,LSUR,PSYELA,4,LD,246,246,0.1041,NA,NA,0.5642,0.1041,0.6683,0.7724,0.1924,1.3314,1.5238,0.67,0.227,0.1822,1.0792,3.38,0.23,0.45,0.32,162
33,0.43,238.12,2.72,47.2,43.03,0.13,316.67,0.92,1.86,0.45,128.57,1.96,44.52,0.89,4863.724383,FINE,25,JE,INGTHI,1,INT,32,31,0.2554,0.3348,0.2676,0.2206,0.8578,1.0784,1.9362,0.3013,0.6693,0.9706,1.68,0.4182,0.129,2.2272,5.13,0.38,0.19,0.43,163
35,0.24,344.61,2.73,48.63,29.1,0.2,215.56,0.5,1.47,0.88,62.15,NA,NA,0.34,375.864262,FINE,14.5,JE,VIRSEB,5,NLD,90,90,0.0214,0.0306,0.0297,0.0941,0.0817,0.1758,0.2575,0.1799,0.7939,0.9738,0.38,0.1709,0.0075,0.5584,1.79,0.14,0.27,0.31,164
48,0.33,170.18,2.74,51.01,55.74,0.18,303.33,0.67,1.91,0.77,56.99,1.19,35.96,0.64,NA,NA,24.4,LSUR,MICELA,4,INT,233,233,0.4578,0.4312,NA,2.0439,0.889,2.9329,3.8219,0.6791,5.2321,5.9112,0.56,0.8174,0.3247,1.7021,11.44,0.33,0.32,0.15,165
25,0.17,297.39,2.74,37.68,37.07,0.15,236.67,0.29,3.26,0.46,56.67,1.38,38.66,0.3,5862.108664,FINE32,12.3,LSUR,PSYELA,2,LD,244,244,0.0695,0.0852,0.1357,0.3771,0.2904,0.6675,0.9579,0.0725,0.3632,0.4357,0.21,0.0893,0.087,0.3863,1.78,0.2,0.24,0.22,166
31,0.6,247.76,2.75,49.76,40.47,0.14,240,NA,NA,NA,NA,1.22,40.08,0.55,NA,NA,15.6,JE,POUBIC,1,LD,64,64,0.1744,0.2204,0.1254,0.7159,0.5202,1.2361,1.7563,0.189,1.1188,1.3078,0.25,0.2729,0.0965,0.6194,3.68,0.48,0.36,0.17,167
34,0.39,341.47,2.76,46.97,29.96,0.09,188.89,0.58,3.88,NA,NA,NA,NA,0.51,NA,NA,11.3,LSUR,BROLAC,6,NLD,192,191,0.0327,0.0379,0.0404,0.1947,0.111,0.3057,0.4167,0.0619,0.1953,0.2572,0.04,0.0665,0.0221,0.1286,0.8,0.52,0.32,0.16,168
34,0.45,245.45,2.77,46.04,41,0.12,363.33,0.62,3.55,NA,NA,1.33,42.43,0.44,NA,NA,15.4,LSUR,BROLAC,2,NLD,188,187,0.168,0.0783,0.1786,0.851,0.4249,1.2759,1.7008,0.1843,1.3592,1.5435,0.37,0.2738,0.0259,0.6697,3.91,0.43,0.39,0.17,169
20,0.34,332.85,2.77,48.04,29.86,0.19,263.33,0.48,3.17,0.66,41.53,0.86,39.97,0.63,10503.97628,FINE,11.2,LSUR,POUBIC,2,LD,240,240,0.0391,0.0429,NA,0.0733,0.082,0.1553,0.2373,0.1477,0.5356,0.6833,0.34,0.3011,0.1256,0.7667,1.69,0.14,0.4,0.45,170
33,0.39,302.04,2.78,45.55,33.21,0.08,204.44,0.53,NA,1.01,48.94,1.27,42.98,0.58,616.4943,FINE367X,19.4,LEPP,RYASPE,5,NLD,146,145,0.0979,0.1098,0.0923,0.0581,0.3,0.3581,0.6581,0.1876,0.4095,0.5971,0.35,0.354,0.018,0.722,1.98,0.33,0.3,0.37,171
38,0.28,271.1,2.79,49.56,36.3,0.11,266.67,0.43,0.97,1.09,72.35,1.98,44.42,0.49,1026.201187,FINE292,13,LSUR,VIRSEB,4,NLD,260,260,0.1012,0.1034,NA,0.2817,0.2046,0.4863,0.6909,0.1703,1.2065,1.3768,0.13,0.1433,0.0258,0.2991,2.37,0.29,0.58,0.13,172
43,0.16,516.62,2.79,35.98,19.36,0.14,250,0.34,2.16,0.55,39.8,1.39,36.3,0.36,10392.7676,FINE319X,8,LSUR,PSYELA,1,LD,243,243,0.0779,NA,NA,0.5876,0.0779,0.6655,0.7434,0.2507,1.7501,2.0008,0.25,0.2362,0.1651,0.6513,3.4,0.22,0.59,0.19,173
37,0.36,288,2.81,41.48,34.75,0.15,277.78,0.71,NA,NA,NA,1.24,41.69,0.6,NA,NA,26.1,LSUR,TROINV,6,INT,251,251,0.1812,0.156,0.1682,0.6117,0.5054,1.1171,1.6225,0.2664,0.8696,1.136,1.11,0.5096,0.0121,1.6317,4.39,0.37,0.26,0.37,174
40,0.39,308.13,2.81,50.57,33.87,0.06,NA,0.62,NA,NA,NA,1.84,39.26,0.72,NA,NA,12.5,JE,PENMAC,2,INT,54,54,0.187,0.372,NA,0.239,0.559,0.798,1.357,0.2305,1.4311,1.6616,0.43,0.3087,0.0423,0.781,3.8,0.36,0.36,0.21,175
22,0.45,291.82,2.82,49.41,34.34,0.17,260,0.61,2.67,0.48,74.37,1.27,38.84,0.55,8144.12864,FINE335,15.2,LSUR,POUBIC,3,LD,241,241,0.2244,0.1567,NA,0.6078,0.3811,0.9889,1.37,0.1535,0.6379,0.7914,0.51,0.3705,0.1421,1.0226,3.18,0.43,0.25,0.32,176
41,0.22,280.95,2.83,42.99,27.4,0.18,186.67,0.53,0.7,1.57,46.83,2.05,43.34,0.45,1209.681817,FINE12,21.2,JE,PIPCOL,4,NLD,62,62,0.0952,NA,NA,0.0486,0.0952,0.1438,0.239,0.3052,1.6447,1.9499,2.31,0.5036,0.0307,2.8443,5.03,0.05,0.39,0.57,177
29,0.34,299.46,2.83,40.77,33.59,0.11,286.67,0.78,NA,NA,NA,1.22,42.45,0.79,NA,NA,19.2,LSUR,TROINV,5,INT,250,250,0.1607,0.1401,0.0966,0.487,0.3974,0.8844,1.2818,0.2519,0.8327,1.0846,0.64,0.4455,0.0719,1.1574,3.52,0.36,0.31,0.33,178
30,0.53,199.82,2.84,43.45,51.34,0.15,341.11,0.61,3.99,0.54,76.57,NA,NA,0.51,337.141127,FINE162,13.5,JE,BROLAC,3,NLD,8,8,0.2188,0.2012,0.0653,0.941,0.4853,1.4263,1.9116,0.2991,1.073,1.3721,1.41,0.4984,0.0885,1.9969,5.28,0.36,0.26,0.38,179
33,0.4,317.35,2.84,36.83,32.21,0.09,250.94,0.61,4.35,1.59,69.2,1.17,40.41,0.52,1450.050765,FINE357,29.8,LEPP,TROINV,6,INT,166,165,0.0176,0.0219,0.0167,0.0424,0.0562,0.0986,0.1548,0.4019,4.1088,4.5107,2.37,1.29,0.0738,3.7338,8.4,0.02,0.54,0.44,180
45,0.21,351.05,2.84,42.82,29.42,0.12,242.22,0.54,1.32,1.16,36.97,2.33,42.55,0.33,9779.339215,FINE164,19.5,JE,PIPCOL,5,NLD,63,63,0.1269,0.1553,0.2012,0.995,0.4834,1.4784,1.9618,0.2833,2.5608,2.8441,1.01,0.1587,0.1723,1.341,6.15,0.32,0.46,0.22,181
33,0.39,314.84,2.85,50.68,32.26,0.05,NA,0.58,3.6,0.7,30.39,2.22,45.76,0.54,2298.52345,FINE157,16.8,JE,PENMAC,5,INT,57,57,0.204,0.185,0.12,0.512,0.509,1.021,1.53,0.1754,0.7505,0.9259,0.27,0.3723,0.0223,0.6646,3.12,0.49,0.3,0.21,182
40,0.38,221.12,2.86,40,45.29,0.14,375.56,0.78,5.05,0.48,60.5,1.18,43.69,0.75,NA,NA,16.3,LSUR,TROINV,3,INT,248,248,0.0724,0.0854,0.1075,1.6241,0.2653,1.8894,2.1547,0.5085,2.6355,3.144,3.55,1.5128,0.0859,5.1487,10.45,0.21,0.3,0.49,183
26,0.19,352.01,2.86,39.43,27.37,0.18,198.33,0.46,2.53,0.73,44.97,2.32,34.03,0.55,6744.507415,FINE329,13.7,LSUR,COUHON,3,INT,200,200,0.6703,0.4647,0.6015,1.7546,1.7365,3.4911,5.2276,0.3331,2.1665,2.4996,0.8,0.3919,0.0912,1.2831,9.01,0.58,0.28,0.14,184
33,0.28,299.53,2.87,49.12,34,0.11,158.89,0.69,0.79,1.25,62.85,1.99,43.98,0.49,NA,NA,22.5,LEPP,TRISEP,3,LD,159,158,0.083,0.089,0.138,NA,0.31,0.31,0.62,0.1006,0.6558,0.7564,0.45,0.096,0.03,0.576,1.95,0.32,0.39,0.3,185
22,0.25,306.14,2.87,51.27,31.83,0.11,253.33,0.52,1.02,1.11,70.87,2.05,NA,0.69,NA,NA,11.8,LSUR,VIRSEB,3,NLD,259,259,0.094,0.093,0.098,0.314,0.285,0.599,0.884,0.0832,0.2866,0.3698,0.11,0.1115,0.0258,0.2473,1.5,0.59,0.35,0.16,186
30,0.25,341.18,2.88,48.75,30.51,0.11,173.33,0.48,0.81,1.28,61.99,0.57,46.14,0.43,1300.514234,FINE494,11,LEPP,TRISEP,5,LD,161,160,0.115,0.065,0.166,NA,0.346,0.346,0.692,0.1764,0.559,0.7354,0.65,0.326,0.0345,1.0105,2.44,0.28,0.3,0.41,187
23,0.25,285.43,2.91,54.55,33.82,0.12,295,NA,NA,NA,NA,2.15,46.15,0.37,NA,NA,14.4,LSUR,VIRSEB,2,NLD,258,258,0.13,0.159,0.139,0.834,0.428,1.262,1.69,NA,NA,NA,0.22,0.2429,0.0336,0.4965,NA,NA,NA,NA,188
21,0.21,356.3,2.91,50.18,28.54,0.12,171.11,0.26,NA,NA,NA,NA,NA,0.46,NA,NA,11.6,LSUR,VIRKOS,1,NLD,252,252,0.129,0.097,0.085,NA,0.311,0.311,0.622,0.0582,0.3115,0.3697,0.07,0.0672,0.023,0.1602,1.15,0.54,0.32,0.14,189
25,NA,329.88,2.92,47.66,NA,NA,NA,0.25,0.52,1.4,57.08,1.76,43.75,0.28,1698.155445,FINE296,9,LSUR,VIRKOS,6,NLD,256,256,0,NA,NA,0.0629,0,0.0629,0.0629,0.1871,1.1022,1.2893,0.3,0.2924,0.0551,0.6475,2,0.03,0.64,0.32,190
32,0.45,379.5,2.93,46.86,26.93,0.09,144.44,0.65,1.63,0.6,84.98,1.4,42.67,0.64,NA,NA,13.1,LSUR,CASARB,1,LD,12,197,0.0144,0.0098,0.0113,0.0927,0.0355,0.1282,0.1637,0.4147,1.4267,1.8414,2.03,0.092,0.0357,2.1577,4.16,0.26,0.25,0.52,191
45,0.44,209.63,2.95,46.92,49.39,0.21,352.78,0.63,0.7,0.92,106.77,1.43,44.49,0.51,7699.469337,FINE23,19.5,JE,INGTHI,5,INT,36,35,0.4513,0.2235,0.4488,NA,1.1236,1.1236,2.2472,0.4652,2.2857,2.7509,3.21,1.3525,0.308,4.8705,9.87,0.23,0.28,0.49,192
46,0.35,160.96,2.97,53.02,61.85,0.17,285,0.73,1.94,0.74,53.08,1.48,33.97,0.67,12814.07919,FINE315,23.5,LSUR,MICELA,2,INT,232,232,0.6306,0.7932,0.8927,3.4596,2.3165,5.7761,8.0926,0.8014,5.3468,6.1482,1.8,0.974,0.2225,2.9965,17.24,0.47,0.36,0.17,193
20,NA,NA,2.97,53.24,NA,0.07,310,0.45,0.98,1.23,69.05,1.99,NA,0.45,NA,NA,11.4,LSUR,VIRSEB,6,NLD,261,261,0,0,0,0.1056,0,0.1056,0.1056,0.0676,0.2886,0.3562,0.09,0.0877,0.0258,0.2035,0.67,0.16,0.54,0.31,194
46,0.36,244.55,2.99,42.71,40.9,0.13,328.89,0.67,4.98,0.47,40.03,1.09,43.16,0.66,NA,NA,22,LSUR,TROINV,4,INT,249,249,0.1633,0.2424,0.1198,4.5369,0.5255,5.0624,5.5879,0.8603,4.5941,5.4544,3.82,1.6743,0.0859,5.5802,16.62,0.34,0.33,0.34,195
20,0.32,410.56,3.03,46.38,24.75,0.05,241.67,2.84,2.96,0.36,86.28,1.32,43.45,0.88,1879.143914,FINE2,5.1,JE,CASARB,3,LD,14,13,0.0048,0.003,0.0065,0.089,0.0143,0.1033,0.1176,0.0624,0.145,0.2074,0.04,0.0562,0.0357,0.1319,0.46,0.04,0.45,0.29,196
50,0.4,NA,3.03,50.95,NA,0.11,NA,0.36,1.55,0.77,71.96,NA,NA,0.46,2397.682137,FINE326,11.5,LSUR,PENMAC,4,INT,237,237,0.2508,0.1154,0.1655,NA,0.5317,0.5317,1.0634,0.2856,1.06,1.3456,0.28,0.3976,0.0504,0.728,3.14,0.34,0.43,0.23,197
33,0.4,302.77,3.06,51.5,32.81,0.04,NA,0.3,1.64,0.8,68.65,2.51,42.91,0.35,1201.327426,FINE398,13.6,LEPP,PENMAC,4,INT,127,126,0.186,0.1719,NA,0.2315,0.3579,0.5894,0.9473,0.1417,0.5748,0.7165,0.14,0.202,0.0234,0.3654,2.03,0.27,0.35,0.28,198
37,0.35,377.94,3.08,50.84,26.51,0.04,NA,0.5,4.69,0.67,25.79,2.12,44.4,0.33,1325.960823,FINE174,14.6,JE,PENMAC,6,INT,58,58,0.18,0.209,0.204,0.343,0.593,0.936,1.529,0.153,0.7406,0.8936,0.19,0.2263,0.0102,0.4265,2.85,0.54,0.31,0.15,199
20,0.19,314.41,3.09,38.41,37.47,0.14,173.33,0.16,2.17,0.78,40.61,1.25,42.31,0.13,3136.121156,FINE317,8.2,LSUR,PSYELA,3,LD,245,245,0.0179,0.0234,0.0273,0.0921,0.0686,0.1607,0.2293,0.064,0.2103,0.2743,0.11,0.059,0.0469,0.2159,0.72,0.32,0.38,0.3,200
33,0.16,391.92,3.1,44.63,26.43,0.16,188.12,0.16,1.29,1.64,25.96,2.57,40.36,0.15,2430.873091,FINE462,10.3,LEPP,HERDID,3,LD,110,110,0,0,NA,NA,0,0,0,0.0358,0.2192,0.255,0.08,0.047,0.0323,0.1593,0.41,0.49,0.62,0.38,201
33,0.24,302.37,3.11,48.43,33.18,0.12,206.67,0.54,NA,NA,NA,1.75,45.73,0.5,NA,NA,31.5,LEPP,TRISEP,1,LD,157,156,0.475,0.38,0.173,0,1.028,1.028,2.056,0.4595,2.9785,3.438,1.87,0.5564,0.067,2.4934,7.99,0.26,0.43,0.31,202
49,0.43,NA,3.12,50.65,NA,0.05,NA,0.58,1.97,0.67,68.74,1.89,40.26,0.54,4756.284709,FINE324,19.8,LSUR,PENMAC,2,INT,235,235,0.268,0.2504,0.1831,0.0831,0.7015,0.7846,1.4861,0.2819,1.4433,1.7252,1.16,0.3831,0.0882,1.6313,4.84,0.31,0.44,0.34,203
50,0.41,277.68,3.13,47.62,36.11,0.08,192.78,0.8,NA,0.68,NA,NA,NA,0.66,9283.153904,FINE18X,20.3,JE,CASARB,2,LD,13,12,0.025,0.024,0.033,0.9852,0.082,1.0672,1.1492,0.5738,2.869,3.4428,7.82,0.7765,0.4533,9.0498,13.64,0.08,0.44,0.66,204
33,0.32,307.22,3.18,47.46,34,0.11,163.33,0.88,NA,0.73,NA,1.96,44.32,0.7,762.406023,FINE459,21,LEPP,INGTHI,2,INT,114,114,0.071,0.091,0.05,NA,0.212,0.212,0.424,0.1115,0.2715,0.383,0.21,0.1197,0.056,0.3857,1.19,0.36,0.32,0.32,205
48,0.38,NA,3.18,47.09,NA,0.16,250,0.76,1.79,0.68,69.93,2.09,39.63,0.74,10346.38297,FINE439,29.8,LEPP,INGTHI,4,INT,116,116,0.4869,0.2897,NA,NA,0.7766,0.7766,1.5532,0.2792,1.7961,2.0753,1.72,0.953,0.21,2.883,6.51,0.24,0.32,0.44,206
26,0.41,281.26,3.23,46.6,35.72,0.1,321.67,1.16,0.67,0.94,127.08,1.41,43.23,0.65,1662.643874,FINE142,18.5,JE,INGTHI,2,INT,33,32,0.2366,0.2618,NA,0.0873,0.4984,0.5857,1.0841,0.3655,0.731,1.0965,3.74,0.7586,0.0689,4.5675,6.75,0.16,0.16,0.68,207
25,0.33,321.89,3.23,47.46,31.12,0.12,262.22,0.83,NA,NA,NA,1.68,44.16,0.79,NA,NA,14,LSUR,INGTHI,1,INT,216,216,0.1076,0.0799,0.1494,NA,0.3369,0.3369,0.6738,0.206,0.7335,0.9395,0.35,0.6347,0.0645,1.0492,2.66,0.25,0.35,0.39,208
22,0.22,337.85,3.23,43.6,29.67,0.16,320,NA,NA,1.44,49.95,NA,NA,NA,NA,NA,NA,JE,PIPCOL,1,NLD,59,59,0.13,0.1428,0.0952,0.1139,0.368,0.4819,0.8499,0.1003,0.2489,0.3492,0.46,0.1719,0.0195,0.6514,1.85,0.46,0.19,0.35,209
27,0.34,288.71,3.24,49.54,35.37,0.07,246.67,0.63,0.87,1.34,64.95,1.98,42.24,0.62,NA,NA,23.9,LEPP,TRISEP,4,LD,160,159,0.2882,0.176,NA,NA,0.4642,0.4642,0.9284,0.2388,0.8822,1.121,0.26,0.243,0.0956,0.5986,2.65,0.35,0.42,0.23,210
33,0.34,313.68,3.24,51.26,31.88,0.05,NA,0.31,1.64,0.92,54.98,2.4,43.28,0.37,666.140376,FINE438,9.4,LEPP,PENMAC,2,INT,125,124,0.129,0.079,NA,NA,0.208,0.208,0.416,0.1699,0.4895,0.6594,0.31,0.376,0.0115,0.6975,1.77,0.23,0.37,0.39,211
38,0.16,436.49,3.24,43.63,23.88,0.16,165,0.2,NA,NA,NA,2.15,40.22,0.2,NA,NA,16.6,LSUR,HERDID,1,LD,212,212,0.2318,0.0615,NA,0.08,0.2933,0.3733,0.6666,0.121,0.6292,0.7502,0.12,0.2035,0.046,0.3695,1.79,0.37,0.42,0.21,212
20,0.32,552.67,3.24,47.49,18.85,0.1,239.48,0.85,2.4,0.49,63.13,1.61,45.9,1.9,258.513327,FINE128,9.6,JE,CASARB,4,LD,15,14,0.002,0.003,0.003,0.021,0.008,0.029,0.037,0.0449,0.092,0.1369,0.05,0.0742,0.005,0.1292,0.3,0.12,0.45,0.43,213
43,0.32,NA,3.26,50.24,NA,0.05,NA,0.33,2.72,0.7,48.82,2.68,44.31,0.3,1601.928702,FINE327,23.5,LSUR,PENMAC,5,INT,238,238,0.0607,0.0666,0.0358,NA,0.1631,0.1631,0.3262,0.1563,0.9236,1.0799,0.52,0.2238,0.0208,0.7646,2.17,0.15,0.5,0.35,214
32,0.38,306.09,3.27,50.51,32.91,0.04,NA,0.42,2.55,0.59,59.99,1.9,42.09,0.42,3541.888459,FINE17,17,JE,PENMAC,4,INT,56,56,0.276,0.277,NA,0.644,0.553,1.197,1.75,0.2408,1.1459,1.3867,0.4,0.4173,0.0558,0.8731,4.01,0.44,0.35,0.22,215
37,0.35,330.73,3.27,46.75,30.34,0.07,136.67,0.58,1.57,0.59,83.69,1.43,40.48,0.55,5888.011597,FINE318,13.2,LSUR,CASARB,2,LD,198,198,0.0312,0.0323,0.0333,0.6424,0.0968,0.7392,0.836,0.1299,0.3831,0.513,0.84,0.5563,0.1494,1.5457,2.89,0.29,0.18,0.53,216
20,0.26,434.11,3.28,47.83,22.81,0.08,128.33,0.68,1.69,0.62,85.66,1.38,42.53,0.56,NA,NA,15.2,LSUR,CASARB,3,LD,199,199,0.0177,0.0127,0.0147,0.3319,0.0451,0.377,0.4221,NA,0.2019,0.2019,0.52,0.2365,0.1488,0.9053,1.53,0.28,0.13,0.59,217
43,0.38,NA,3.28,50.11,NA,0.04,NA,0.35,0.96,0.82,117,1.34,41.35,0.34,1586.72561,FINE325,22.3,LSUR,PENMAC,1,INT,234,234,0.0525,0.0367,NA,NA,0.0892,0.0892,0.1784,0.1695,0.7902,0.9597,0.3,0.2167,0.0513,0.568,1.71,0.1,0.56,0.33,218
33,NA,NA,3.29,44.66,NA,NA,NA,0.22,1.13,1.66,29.05,2.64,41.19,0.26,4669.682276,FINE461,11.5,LEPP,HERDID,2,LD,109,109,0,0,NA,NA,0,0,0,0.0801,0.3447,0.4248,0.14,0.1276,0.07,0.3376,0.76,NA,0.56,0.44,219
33,0.4,235.48,3.39,46.08,42.55,0.15,NA,0.75,1.65,0.9,52.58,1.82,43.1,0.65,2933.779162,FINE441,31.5,LEPP,INGTHI,3,INT,115,115,0.313,0.2885,NA,NA,0.6015,0.6015,1.203,0.1225,0.3205,0.443,2.59,1.393,0.0514,4.0344,5.68,0.21,0.38,0.71,220
33,0.42,298.08,3.4,54.57,34.99,0.08,293.33,0.67,1.53,0.62,50.35,1.2,42.95,0.6,664.566634,FINE364,17.6,LEPP,RYASPE,2,NLD,143,142,0.0765,0.1121,NA,0.1612,0.1886,0.3498,0.5384,0.141,0.4154,0.5564,0.36,0.313,0.018,0.691,1.79,0.3,0.31,0.39,221
33,NA,NA,3.41,44.04,NA,NA,NA,0.75,2.52,0.74,44.38,2.27,39.84,0.63,6571.808564,FINE46,19.9,LEPP,INGTHI,1,INT,113,113,0,0,0,NA,0,0,0,0.1736,0.6696,0.8432,0.59,0.434,0.088,1.112,1.96,NA,0.43,0.57,222
38,0.35,318.71,3.43,49.97,26.96,0.13,210,0.85,NA,NA,NA,1.61,47.35,0.74,NA,NA,16.5,LSUR,INGTHI,2,INT,217,217,0.1188,0.1566,NA,NA,0.2754,0.2754,0.5508,0.4108,1.3121,1.7229,0.77,0.37,0.0157,1.1557,3.43,0.16,0.31,0.34,223
21,0.34,305.45,3.44,47.11,32.78,0.16,168.83,0.96,1.28,0.62,103.48,1.55,41.78,0.6,6063.754726,FINE312,15.8,LSUR,INGTHI,3,INT,218,218,0.1052,0.1398,NA,0.4569,0.245,0.7019,0.9469,0.0836,0.1739,0.2575,1.63,0.5331,0.1833,2.3464,3.55,0.27,0.07,0.66,224
40,0.18,322.71,3.45,46.04,31.37,0.21,295,0.35,0.98,1.38,38.95,2.46,40.59,0.31,NA,NA,21.9,LSUR,HERDID,2,LD,213,213,0.5191,0.4403,0.3654,1.5242,1.3248,2.849,4.1738,0.3047,1.701,2.0057,1.55,0.4762,0.3379,2.3641,8.54,0.49,0.23,0.28,225
33,0.38,278.59,3.47,51.19,35.9,0.06,NA,0.35,2.36,0.93,36.95,2.68,44.6,0.4,606.716738,FINE4,16.2,LEPP,PENMAC,5,INT,128,127,0.059,0.1609,NA,NA,0.2199,0.2199,0.4398,0.1499,0.475,0.6249,0.4,0.352,0.0072,0.7592,1.82,0.24,0.34,0.42,226
25,0.52,293.85,3.47,42.94,34.06,0.1,327.78,0.59,3.94,0.39,60.58,1.52,43.23,0.5,2882.169653,FINE166,14.2,JE,BROLAC,2,NLD,6,6,0.0729,0.0925,0.0715,0.4868,0.2369,0.7237,0.9606,0.1378,0.5043,0.6421,0.21,0.1306,0.0392,0.3798,1.98,0.48,0.32,0.19,227
33,0.38,298.3,3.47,44.41,33.53,0.05,173.33,0.52,1.48,1.09,52.99,1.24,43.65,0.55,182.341124,FINE368,32,LEPP,RYASPE,3,NLD,144,143,0.094,0.0492,NA,NA,0.1432,0.1432,0.2864,0.5848,0.6496,1.2344,1.83,0.8572,0.018,2.7052,4.23,0.07,0.29,0.64,228
35,0.36,NA,3.5,50.57,NA,0.07,NA,0.46,1.3,0.91,71.66,NA,NA,0.41,525.57021,FINE322,16.9,LSUR,PENMAC,3,INT,236,236,0.0873,0.0585,NA,NA,0.1458,0.1458,0.2916,0.2223,0.9592,1.1815,0.3,0.2786,0.0115,0.5901,2.06,0.14,0.57,0.29,229
38,0.26,503.7,3.51,46.78,20.02,0.09,264.44,0.59,1.2,0.83,75.94,1.4,44.78,0.48,3886.074244,FINE168,21.6,JE,CASARB,5,LD,16,15,0.0065,0.0049,0.0068,0.146,0.0182,0.1642,0.1824,0.9066,3.336,4.2426,3.54,1.0501,0.0986,4.6887,9.11,0.02,0.47,0.51,230
34,0.37,332.71,3.53,50.7,30.06,0.04,NA,0.69,1.51,0.89,52.31,1.76,38.4,0.27,4398.689782,FINE175,17,JE,PENMAC,3,INT,55,55,0.26,0.22,0.117,0.1254,0.597,0.7224,1.3194,0.1479,0.9297,1.0776,0.21,0.2031,0.0845,0.4976,2.89,0.46,0.37,0.17,231
43,0.48,317.71,3.6,48.03,31.51,0.1,193.33,0.94,1.65,0.64,89,1.86,41.95,0.83,2619.266956,FINE323,8,LSUR,INGTHI,5,INT,220,220,0.0781,0.1034,0.1583,0.2002,0.3398,0.54,0.8798,0.1067,0.362,0.4687,1.17,0.2062,0.0604,1.4366,2.79,0.32,0.17,0.52,232
21,0.39,270.16,3.63,46.16,37.08,0.15,207.78,0.79,1.76,0.67,70.26,1.95,40.5,0.64,6258.013274,FINE311,11,LSUR,INGTHI,4,INT,219,219,0.1517,0.1033,0.181,0.3407,0.436,0.7767,1.2127,0.1398,0.6836,0.8234,2.53,0.4305,0.1303,3.0908,5.13,0.24,0.16,0.6,233
33,0.15,390.58,3.63,44.44,27.13,0.16,185.22,0.22,1.12,1.45,26.93,2.67,41.21,0.24,8695.409937,FINE463X,13.8,LEPP,HERDID,4,LD,111,111,0,0,0,NA,0,0,0,0.0894,0.4393,0.5287,0.12,0.131,0.126,0.377,0.91,NA,0.58,0.42,234
35,0.41,273.52,3.69,51.07,36.68,0.06,NA,0.63,1.69,0.79,NA,NA,NA,0.56,169.224588,FINE437,18,LEPP,PENMAC,3,INT,126,125,0.16,0.195,0.136,NA,0.491,0.491,0.982,0.2283,1.0863,1.3146,0.64,0.342,0.0233,1.0053,3.3,0.3,0.4,0.3,235
33,0.36,310.81,3.79,47.6,32.18,0.12,178.33,0.71,1.83,1.4,81.85,1.76,42.72,0.65,2573.090532,FINE44,20.4,LEPP,INGTHI,5,INT,117,117,0.0686,0.0847,NA,NA,0.1533,0.1533,0.3066,0.2084,0.6624,0.8708,0.47,0.202,0.2792,0.9512,2.13,0.14,0.41,0.45,236
33,0.14,393.07,3.83,40.43,26.24,0.15,184.44,0.2,1.08,1.74,24.63,2.41,45.13,0.21,1135.424333,FINE394,10.6,LEPP,HERDID,5,LD,112,112,0.085,0.0291,0.0287,NA,0.1428,0.1428,0.2856,0.0243,0.1232,0.1475,0.07,0.041,0.0157,0.1267,0.56,0.51,0.46,0.33,237
20,0.42,264.53,3.86,46.91,38.22,0.11,243.33,NA,0.57,1.1,107.44,1.26,43.37,0.66,3247.647646,FINE139,27,JE,INGTHI,3,INT,34,33,0.058,0.0547,0.0414,0.1588,0.1541,0.3129,0.467,0.3213,0.981,1.3023,3.03,0.5871,0.1398,3.7569,5.53,0.08,0.24,0.68,238
35,0.29,292.65,3.86,43.69,34.55,0.12,320,NA,NA,1.59,40.03,2.45,45.09,0.29,NA,NA,24.4,JE,PIPCOL,2,NLD,60,60,0.0476,0.1025,0.0993,0.1472,0.2494,0.3966,0.646,0.1811,0.6867,0.8678,0.46,0.1719,0.0195,0.6514,2.17,0.3,0.4,0.3,239
34,0.12,458.3,3.96,39.8,21.82,0.21,166.67,0.22,0.81,1.37,34.63,1.95,40.19,0.17,2184.81327,FINE294,15.1,LSUR,HERDID,4,LD,215,215,0.1044,NA,NA,0.2075,0.1044,0.3119,0.4163,0.1241,0.7077,0.8318,0.18,0.2505,0.0433,0.4738,1.72,0.24,0.48,0.28,240
38,0.19,174.47,4.05,45.24,57.32,0.37,366.67,NA,NA,NA,NA,0.79,38.31,0.64,NA,NA,25.9,JE,ARDFIM,4,NLD,2,2,0.434,0.559,0.551,2.2253,1.544,3.7693,5.3133,0.0338,3.761,3.7948,2.41,0.8392,0.2364,3.4856,12.59,0.42,0.3,0.28,241
30,0.17,369.89,4.29,47.68,26.74,0.2,170,0.19,1.04,1.38,39.87,2.33,41.48,0.25,3667.256019,FINE3,10.3,LSUR,HERDID,3,LD,214,214,0.1449,0.0715,0.0402,NA,0.2566,0.2566,0.5132,0.0615,0.3144,0.3759,0.09,0.0863,0.0663,0.2426,1.13,0.45,0.33,0.21,242
33,0.16,652.43,5.04,46.86,15.33,0.07,42.64,1.84,3.98,0.71,28.95,NA,NA,0.21,527.568486,FINE47,50,LEPP,SIMAMA,4,LD,150,149,0.0179,0.0183,NA,NA,0.0362,0.0362,0.0724,0.0092,0.032,0.0412,0.02,0.006,0.0018,0.0278,0.14,0.51,0.29,0.2,243
33,0.16,665.03,5.09,47.64,15.13,0.06,42.26,1.86,4.24,0.77,22.05,NA,NA,1.2,1188.402885,FINE49,3,LEPP,SIMAMA,2,LD,148,147,0.0178,0.0145,NA,NA,0.0323,0.0323,0.0646,0.093,0.0412,0.1342,0.01,0.006,0.0018,0.0178,0.22,0.3,0.62,0.08,244
37,0.5,247.62,5.25,41.12,41.28,0.13,286.67,0.54,3.1,NA,NA,1.58,43.66,0.44,NA,NA,15,JE,BROLAC,1,NLD,5,5,0.0707,0.0506,0.0523,0.1431,0.1736,0.3167,0.4903,0.1632,0.7371,0.9003,0.45,0.1799,0.0206,0.6505,2.04,0.24,0.44,0.32,245
33,0.14,854.69,5.3,46.64,11.74,0.07,42.82,0.87,4.22,0.59,21.44,NA,NA,0.8,245.370792,FINE41,4.3,LEPP,SIMAMA,1,LD,147,146,0.0079,0.009,NA,0.0131,0.0169,0.03,0.0469,0.0052,0.0309,0.0361,0.01,0.004,0.0018,0.0158,0.1,0.47,0.37,0.16,246
30,0.49,246.38,5.51,41.65,40.65,0.14,362.22,0.83,4.01,0.33,90.48,1.17,43.94,0.56,933.774736,FINE23,21,JE,BROLAC,2.1,NLD,7,7,0.0895,0.0935,0.0797,0.522,0.2627,0.7847,1.0474,0.1442,0.419,0.5632,0.34,0.1543,0.0141,0.5084,2.12,0.49,0.27,0.24,247
39,0.19,162.05,6.1,46.76,62.13,0.42,356.66,0.67,0.9,1.16,62.31,0.99,42.59,0.57,20027.57923,FINE,15.2,JE,ARDFIM,6,NLD,4,4,0.5559,0.5965,0.6466,6.1048,1.799,7.9038,9.7028,0.8956,4.496,5.3916,1.03,0.9973,0.5125,2.5398,17.63,0.55,0.31,0.14,248
33,0.14,836.32,6.15,46.72,11.42,0.05,42.95,2.27,4.75,0.64,21.64,NA,NA,0.15,353.635934,FINE46,50,LEPP,SIMAMA,5,LD,151,150,0.0123,0.0124,NA,0.018,0.0247,0.0427,0.0674,0.0068,0.0463,0.0531,0.02,0.003,0.0018,0.0248,0.15,0.46,0.37,0.17,249
33,0.21,427.02,7.19,45.58,23.79,0.1,43.33,0.35,3.51,0.86,29.59,NA,NA,0.34,1110.714703,FINE48,12.2,LEPP,SIMAMA,3,LD,149,148,0.0242,0.0321,0.0279,0.0698,0.0842,0.154,0.2382,0.0421,0.1706,0.2127,0.02,0.043,0.0095,0.0725,0.52,0.46,0.41,0.14,250
32,0.19,182.13,NA,NA,54.97,0.29,315.55,0.69,0.83,0.93,100.76,1.36,39.53,0.59,11762.19806,FINE177,22.5,JE,ARDFIM,2,NLD,1,1,0.651,0.507,0.615,5.6129,1.773,7.3859,9.1589,0.9127,3.581,4.4937,2.35,1.0906,0.3978,3.8384,17.49,0.52,0.26,0.22,251
30,0.42,208.81,NA,NA,48.15,0.13,453.33,0.81,4.31,0.36,65.06,1.38,46.2,0.73,5474.685403,FINE181,27.8,JE,TROINV,6,INT,80,80,0.2656,0.273,0.112,0.7728,0.6506,1.4234,2.074,0.3909,1.4367,1.8276,1.66,1.0964,0.0723,2.8287,6.73,0.31,0.27,0.42,252
41,0.38,227.97,NA,NA,43.93,0.13,490,0.71,3.26,0.45,65.12,1.32,43.24,0.7,2383.20321,FINE126,32,JE,TROINV,5,INT,79,79,0.157,0.213,0.1453,1.045,0.5153,1.5603,2.0756,0.5841,1.9406,2.5247,1.75,2.0647,0.0361,3.8508,8.45,0.48,0.3,0.46,253
20,0.42,244.68,NA,NA,40.99,0.11,528.89,0.79,4.46,0.3,NA,1.55,NA,0.67,588.511002,FINE152,18.4,JE,TROINV,4,INT,78,78,0.1014,0.1018,0.1109,0.6916,0.3141,1.0057,1.3198,0.2612,0.5387,0.7999,0.89,0.4297,0.0234,1.3431,3.46,0.38,0.23,0.39,254
30,0.22,247.42,NA,NA,40.5,0.15,252.22,0.68,NA,NA,NA,0.96,45.48,0.5,NA,NA,23.1,JE,PSYELA,6,LD,74,74,0.266,0.3,0.284,0.707,0.85,1.557,2.407,0.2862,2.3558,2.642,5.31,1.1604,0.2814,6.7518,11.8,0.54,0.22,0.57,255
22,0.41,258.55,NA,NA,39.8,0.12,311.67,0.7,1.64,0.58,102.53,1.7,43.72,0.72,6510.953874,FINE24,36.6,JE,INGTHI,4,INT,35,34,0.6841,0.774,NA,NA,1.4581,1.4581,2.9162,0.447,2.2129,2.6599,2.54,0.6649,0.162,3.3669,8.94,0.33,0.3,0.38,256
46,0.2,260.05,NA,NA,38.49,0.14,327.78,0.42,2.55,0.78,31.81,1.27,43.79,0.2,23018.16182,FINEX,18.5,JE,PSYELA,3,LD,71,71,0.1626,0.2034,0.1793,0.212,0.5453,0.7573,1.3026,0.1313,0.7222,0.8535,0.49,0.2693,0.2803,1.0396,3.2,0.41,0.27,0.33,257
48,0.19,268.33,NA,NA,37.29,0.14,341.11,0.58,3.16,0.58,21.13,1.76,43.24,0.38,9496.853391,FINE184X,16.2,JE,PSYELA,5,LD,73,73,0.1903,0.1511,0.1588,0.872,0.5002,1.3722,1.8724,0.1994,1.7529,1.9523,0.07,0.046,0.0889,0.2049,4.03,0.46,0.48,0.05,258
24,0.26,279.87,NA,NA,35.8,0.13,348.89,NA,0.71,1.59,52.43,1.61,42.74,0.19,2289.071228,FINE33,20.6,JE,VIRKOS,1,NLD,81,81,0.077,0.2785,0.1911,0.1431,0.5466,0.6897,1.2363,0.1331,0.4091,0.5422,0.46,0.2614,0.0572,0.7786,2.56,0.48,0.21,0.3,259
22,0.31,308.11,NA,NA,32.51,0.06,185.56,1.02,NA,0.67,NA,NA,NA,0.53,751.158476,FINE,7,JE,VOCFER,6,INT,96,96,0.0122,0.0119,0.0111,0.0802,0.0352,0.1154,0.1506,0.0531,0.1968,0.2499,0.03,0.0605,0.0053,0.0958,0.5,0.3,0.5,0.19,260
27,0.26,333.05,NA,NA,30.35,0.12,302.22,NA,NA,NA,NA,1.85,46.56,0.24,NA,NA,19,JE,VIRKOS,2,NLD,82,82,0.0833,0.0861,0.1047,0.1968,0.2741,0.4709,0.745,0.0821,0.4487,0.5308,0.44,0.1182,0.0397,0.5979,1.87,0.4,0.28,0.32,261
,0.32,215.06,1.9,43.44,46.67,0.15,370.09,0.65,NA,0.79,NA,NA,NA,0.4,NA,FINE156,20.5,JE,GUAAMP,3,LD,24,23,0.3489,0.3184,0.2893,3.4403,0.94,4.4911,4.9287,0.2956,1.85,2.1417,0.77,0.565,0.1199,1.4334,8.76,0.58,0.25,0.17,262